0.25,0.2
0,0
0.8,0
0,0.4
0.8,0.4
0.249039264020161,0.209754516100806
0.246193976625564,0.219134171618254
0.241573480615127,0.22777851165098
0.235355339059327,0.235355339059327
0.22777851165098,0.241573480615127
0.219134171618255,0.246193976625564
0.209754516100807,0.249039264020161
0.2,0.25
0.190245483899194,0.249039264020162
0.180865828381746,0.246193976625564
0.17222148834902,0.241573480615127
0.164644660940673,0.235355339059328
0.158426519384873,0.22777851165098
0.153806023374436,0.219134171618255
0.150960735979839,0.209754516100807
0.15,0.2
0.150960735979838,0.190245483899194
0.153806023374436,0.180865828381746
0.158426519384873,0.17222148834902
0.164644660940672,0.164644660940673
0.17222148834902,0.158426519384873
0.180865828381745,0.153806023374436
0.190245483899193,0.150960735979839
0.2,0.15
0.209754516100806,0.150960735979838
0.219134171618254,0.153806023374436
0.22777851165098,0.158426519384873
0.235355339059327,0.164644660940673
0.241573480615127,0.17222148834902
0.246193976625564,0.180865828381745
0.249039264020161,0.190245483899194
0.0349049179032329,0
0.0667604339705586,0
0.0961532881875515,0
0.123571070772149,0
0.149650990465888,0
0.174813945743792,0
0.199472840921928,0
0.22419954349917,0
0.249305879392102,0
0.275296050642455,0
0.302730919443183,0
0.331982450105372,0
0.363685511985817,0
0.398534936326786,0
0.437102135981219,0
0.480190844510751,0
0.528745329943879,0
0.583816251545384,0
0.646474817210758,0
0.718023024690899,0
0,0.364967961950877
0,0.333009363870983
0,0.303610925624016
0,0.276106342555014
0,0.24994714302018
0,0.224774431910457
0,0.2
0,0.175225568089543
0,0.15005285697982
0,0.123893657444985
0,0.0963890743759843
0,0.0669906361290174
0,0.035032038049123
0.8,0.0813162743124864
0.8,0.16061721838532
0.8,0.23938278161468
0.8,0.318683725687513
0.718023024690896,0.4
0.646474817210755,0.4
0.583816251545382,0.4
0.528745329943876,0.4
0.48019084451075,0.4
0.437102135981218,0.4
0.398534936326785,0.4
0.363685511985816,0.4
0.331982450105371,0.4
0.302730919443182,0.4
0.275296050642454,0.4
0.249305879392101,0.4
0.224199543499169,0.4
0.199472840921928,0.4
0.174813945743792,0.4
0.149650990465888,0.4
0.123571070772148,0.4
0.0961532881875513,0.4
0.0667604339705579,0.4
0.0349049179032324,0.4
0.259415553030061,0.205903709349
0.251369946687637,0.172542191442259
0.454958256657602,0.0326547440792955
0.244025875222814,0.237422876643199
0.226919752666329,0.252262475408065
0.206281557976173,0.257236973835574
0.183396739804709,0.25569742430946
0.16225722592499,0.245278159495331
0.148630053312363,0.227457808557741
0.142260363780891,0.205173121662065
0.145044445038269,0.182548401002056
0.154924001920903,0.163486765254429
0.172757636327476,0.147507088782246
0.194194763042889,0.141164232421955
0.217100755623085,0.142812428569132
0.236951993906804,0.154973865147054
0.415587098217872,0.368365889093394
0.348448035109589,0.0243525293894848
0.318528202128091,0.375133706269201
0.109065974592315,0.0236653997762316
0.0264155472724056,0.295383658236879
0.11032997327259,0.377786122304607
0.549222866455619,0.35447145663311
0.0204472149465582,0.111773581489166
0.263734443922014,0.0198029428726573
0.235943679308698,0.377976735000466
0.0195737068942299,0.189303930778076
0.184073232599077,0.0221504538401789
0.616646002464836,0.0503277255829618
0.161410823422461,0.378716069086018
0.0204073170780796,0.236540859290444
0.735703872794273,0.201906383562041
0.0245624477810118,0.0492357442878309
0.0279549731622191,0.350022015695734
0.677063271388726,0.335606847099496
0.256460642601441,0.183005115530542
0.2612173683157,0.172824841195648
0.266049508780315,0.181582451931081
0.271215284569198,0.172864810366198
0.276024427924633,0.181873017007482
0.281026828364462,0.172966906888078
0.285985441122333,0.182156486585013
0.291080926580823,0.173434621320215
0.295984497152721,0.182499164729636
0.301390501976882,0.174055861845011
0.296405062611649,0.164592510819624
0.307193594047611,0.165246143402151
0.312722541792866,0.174533641239465
0.319304709171483,0.165024680742876
0.325412176714288,0.176014075701018
0.30205918567632,0.155556649746419
0.332454479847079,0.165111231076564
0.339372473817601,0.17652980435274
0.330791086728474,0.190156025390329
0.346715618905629,0.190304393971202
0.336405610790422,0.205021289852772
0.353449663677798,0.206162360047336
0.36423169302016,0.189861492616374
0.372859567952227,0.21205232724358
0.343047340971308,0.219474296963087
0.384287141681328,0.191366443938156
0.393062969270552,0.211830426321671
0.406391902439247,0.193222118799688
0.396085100920497,0.170943873423101
0.42157197440497,0.171467382352222
0.265696496425757,0.163621064851138
0.290717738104047,0.191084105054451
0.432687192983749,0.197995833187389
0.450102764653224,0.171733407837927
0.464020038361526,0.20214087653189
0.32761939666301,0.219371989526738
0.333798730903127,0.23267354540156
0.31899042584294,0.230959120546116
0.32424610520649,0.244759785971321
0.339876039702739,0.24678781573527
0.329647136457477,0.258678404656021
0.314634208083855,0.25643393768251
0.344896423209974,0.262217523575554
0.319583935821762,0.27027315460772
0.305309521521809,0.267437160212894
0.309935433350846,0.281360700190067
0.294334079585328,0.27709255604602
0.300922491483755,0.254325544887482
0.300036542352788,0.292242926640692
0.286112202036505,0.288852870704539
0.315415828679878,0.295777159333792
0.280961358339829,0.276924792964102
0.273243059231849,0.286457957253268
0.277073250132085,0.298736033504836
0.264416740425449,0.295879493912411
0.26805450753371,0.308072669634662
0.255626604022006,0.304690741568629
0.252602768568281,0.293130211150165
0.244077518250849,0.301246486136956
0.44435523993213,0.227328256045501
0.481418790484579,0.172422244003993
0.498829292835122,0.206445448045816
0.269567705030261,0.275294099830902
0.408327100813633,0.153361274734149
0.241410667197418,0.290560393424594
0.232852828272943,0.298112385658184
0.235771059197631,0.309220803049927
0.224310857717138,0.305720019209198
0.258925680134188,0.317813234170377
0.227171572412088,0.317518573730974
0.215843440664655,0.313662994065998
0.212924565786641,0.302188185729623
0.204402655224141,0.309650499649741
0.206913209572434,0.321373822125834
0.195510734750766,0.317103217048001
0.19346330513941,0.305541479549769
0.184586717618604,0.312613354436009
0.183187011828664,0.301578029454497
0.174186696449972,0.308286063005247
0.172763642056951,0.297471043043947
0.163996063550116,0.304035959026322
0.162371560973717,0.29327993010691
0.153952744673765,0.299760685539295
0.152346205581246,0.289339142415632
0.143936535116076,0.295685275045457
0.142225461450542,0.285217045353833
0.133559001219593,0.291737124933835
0.131948598179992,0.280725802436151
0.123139978645149,0.287401344013626
0.12132034117088,0.275903751054588
0.11191421963865,0.283228918229435
0.110127900637645,0.270958674366222
0.113308632854062,0.295394432438292
0.155125038695507,0.310953375396
0.100036912111802,0.278645242118212
0.0989452387183835,0.265954176415866
0.110270704306309,0.258177359145644
0.0975975317815475,0.253529509602307
0.107219066147934,0.246577768238463
0.0967015943635637,0.24207468096777
0.10570873781911,0.235670832292707
0.095739069704792,0.231096608985574
0.104456792898658,0.22491125273887
0.0947324379861216,0.220405521440006
0.103345414320767,0.214070849858699
0.0937287087596604,0.20982737523441
0.102345026942538,0.20342896028832
0.0927555035262328,0.199311590577651
0.101266967326902,0.193030417402505
0.0916057511461978,0.188768564912534
0.102316953116522,0.18174157343562
0.0907886863609342,0.177936310185785
0.100259018239065,0.170590191125497
0.0893057716831392,0.166771984818163
0.0988611370380258,0.159629565355828
0.0877357984860738,0.155193300889517
0.0976233807789792,0.148276099463205
0.0831143601603637,0.204776384944117
0.108130108100088,0.152950591261167
0.107497295690209,0.141662244950394
0.0966063258378192,0.136375093071626
0.107305145508426,0.129557585138693
0.095830033336176,0.123437757543667
0.107149992823418,0.11677048404953
0.119508392059868,0.124116245285582
0.118625944725699,0.110899929913948
0.129549905999456,0.116536464043197
0.128992944269382,0.104599133862795
0.141084151604652,0.111758751031978
0.139718616423369,0.0986595589948339
0.150298373555719,0.104601082740367
0.150107939747222,0.0927445345996512
0.160603670110131,0.0984298899473807
0.106989875181577,0.103496609490014
0.159753632857143,0.0862786600295376
0.170826793544967,0.092779067238118
0.0872633504372761,0.262271473981718
0.130560699170437,0.269389870685064
0.138568477396727,0.121597742327861
0.170636036888808,0.104049510532569
0.180750664438288,0.0987071578006107
0.180848984766885,0.0875896584541474
0.19097679647286,0.0938415125816135
0.191134998860643,0.0823600051341331
0.201481543423154,0.0888735015438255
0.201858923677184,0.0765607737183619
0.212143233712144,0.0833897888447603
0.21144198712907,0.095371474643177
0.221664552397387,0.0904220369324181
0.220664508126328,0.101694201399301
0.230464497096872,0.0971226590414699
0.229908922281513,0.107929165522048
0.239560736168979,0.103678193196134
0.240426787615211,0.0914186911094384
0.249585175298589,0.098969286632273
0.248392728372618,0.110219689872513
0.258864514569322,0.106221618043449
0.260438899685509,0.0942713904281049
0.270406193077215,0.102290454628342
0.272361275089859,0.0892864479192264
0.283170971159216,0.0979039077008694
0.256755523920169,0.117019928500528
0.285571815475675,0.0834278542356833
0.298189785969885,0.0942933754135558
0.213520429371309,0.070284648807945
0.304501133730329,0.307937932586326
0.321353396607532,0.311720928897553
0.137899063438167,0.0838205820263725
0.181053694574618,0.0756269042724258
0.261361490821634,0.0811327137152711
0.0844829190551431,0.13030116884973
0.0833202273472664,0.11610888392554
0.211016215615035,0.106178914113825
0.230665332184703,0.287971935980316
0.0773693654212914,0.162532275161928
0.280158894774567,0.112256099081147
0.191793627958735,0.294884779595142
0.117179575744287,0.146738733042922
0.0849653785351223,0.227191562383305
0.175309977005962,0.31981956064811
0.197376889027217,0.329851406807364
0.247130356243616,0.120706959091665
0.255034536432769,0.127002117543138
0.117885606273974,0.15725211444817
0.325574055432283,0.152628706365646
0.340707127985265,0.152231849837521
0.333020147034667,0.138259536317472
0.161424394363694,0.283502438772464
0.17988379679651,0.109398405091027
0.170932022643154,0.114425144339529
0.115243733073639,0.239976498450904
0.135233183058828,0.302520102452481
0.10920447795074,0.188634586392727
0.520032859919141,0.173237215644255
0.537579220760555,0.210946422538612
0.237649140151305,0.280623769555722
0.0812863082843911,0.18490390451437
0.113261240633176,0.218251470479756
0.126215175566471,0.151489410004147
0.349936595409515,0.138274157322369
0.34134501879343,0.1226960486308
0.360422423816298,0.122523470200389
0.350559121282976,0.105007813727555
0.371926524523418,0.105123591773382
0.272588626518368,0.321470069007532
0.301679758911908,0.0778022512433614
0.228431376471613,0.278164704226748
0.291205111846138,0.155083930089671
0.296885268059589,0.145786007755753
0.286278650553656,0.14558524204244
0.209561629935849,0.335081583813204
0.198960665972083,0.344535042408803
0.561920501107974,0.173181942919898
0.583077710706232,0.217552648485466
0.313695716674521,0.219377557810635
0.262451893603561,0.332908681661171
0.469432554231367,0.144856301656462
0.300932446545391,0.191369739297149
0.276334197368205,0.266641713425506
0.266268476495714,0.26498528172056
0.272854335969015,0.256757945105452
0.126964126036465,0.161510697905215
0.513684607696154,0.24201187381046
0.179559380408786,0.119427819541873
0.245769123234502,0.130626416853833
0.253632895305804,0.136814267436066
0.26286111456235,0.133230885364272
0.278800927718774,0.336166179771802
0.295286144035582,0.199905779549193
0.285353895040887,0.199582471353274
0.289461016902399,0.208543629223968
0.0703187434446702,0.124124571544618
0.0690769047942557,0.108016819358043
0.171523927915316,0.1240912371262
0.262998885366195,0.255175987322094
0.270201498155188,0.247746997633062
0.255978481941101,0.261635878829743
0.357082616131564,0.248260342777271
0.36324609887319,0.266318169281251
0.307049884366582,0.228777125857835
0.201413109588602,0.0632462277220499
0.214753046108736,0.0560018474068385
0.22727031556331,0.0642672332384084
0.287090466863612,0.0666016342508626
0.333142629148126,0.298243008418095
0.340148217250603,0.31559299640487
0.188570073951254,0.114374283404612
0.53821661422022,0.133756884927797
0.30326716288726,0.0592544460757971
0.321923957209712,0.0715993162041027
0.290918372295167,0.135795555953714
0.323746142770406,0.123594517082707
0.279873469901823,0.208029459726372
0.284107170904783,0.217093406430063
0.274647068205611,0.21633451137733
0.279050121691742,0.225331164680175
0.269713134262307,0.224322159900763
0.360635771008786,0.0855106934454671
0.385022922417006,0.0846650450232972
0.607811330279723,0.175176509096862
0.234400576885834,0.270849214107958
0.228929324905253,0.0484768694970782
0.237802257620001,0.124560046598039
0.23691452411191,0.134454618690782
0.229335743792072,0.128801440904317
0.266138187327409,0.349420180916973
0.248838471457279,0.343473364506226
0.261405535039321,0.143104922481093
0.162153200512544,0.119550453883771
0.162964423687701,0.129987662681253
0.135206010394727,0.156263167814438
0.134434251355153,0.145937619357263
0.118886301808069,0.167367035903924
0.308985471493909,0.324903147809445
0.279946155167135,0.249460759574874
0.271268641429795,0.190181918755318
0.376599276998605,0.249723901034583
0.385355013240139,0.269647933108107
0.24204812583044,0.0580324621962541
0.224527546300845,0.268964540995853
0.220143878674538,0.276366614966738
0.128061671337749,0.171244529546769
0.37007985853773,0.286583881081181
0.394227437675742,0.291433370882084
0.410420223062018,0.272132678053603
0.420794901663759,0.297360682272169
0.376665081234205,0.307082847170267
0.143412089040769,0.150667309007278
0.438656402526347,0.275160845828257
0.450308934177547,0.303640737195949
0.142716474902352,0.140407124648064
0.152452387305074,0.144389528972332
0.358575811039647,0.154252104793458
0.180109634388993,0.129441464216189
0.214453040443698,0.35033042623095
0.202739863914893,0.364337868871345
0.25365810291595,0.251676066195852
0.396521257488762,0.106283489962277
0.411947595213507,0.0841372495476041
0.398849255231227,0.0580431660030091
0.185858170715131,0.355279021235197
0.252920808174655,0.146802804567533
0.214855823011665,0.0391012918768982
0.305416196592851,0.200286719984454
0.279821473087987,0.136938459822579
0.28452095842805,0.354040657224052
0.133587263344863,0.136303505103681
0.287969707064004,0.0472670327525838
0.306759514809815,0.0383240650820068
0.0829154194706291,0.100301688191669
0.0684682462823324,0.0903951815585336
0.0868868808234026,0.0821804921611333
0.0674154845472111,0.0705914227614067
0.0855927372469547,0.0605364698277489
0.10352833487056,0.0700272374906629
0.0693286591786137,0.0472908621910442
0.0498204575540377,0.0837300978750408
0.279413352739604,0.154256882676414
0.635238130898881,0.220669136967151
0.60522568858444,0.262994778779339
0.238264008586956,0.321363950707334
0.229368386184592,0.0333322698949774
0.244482922260846,0.273320161568277
0.302991845853665,0.136108492734358
0.296294296353806,0.125813795207091
0.240970082497561,0.263740475926995
0.075750244269409,0.149754013173048
0.0640589137678453,0.157901231087919
0.288443344130855,0.225875766084087
0.22966282822741,0.330079961535446
0.424830332128853,0.109999582141503
0.0661661777099493,0.17142196549058
0.051672555671978,0.166983906116426
0.0491618216753242,0.149641327896804
0.0539559686026626,0.183661293236695
0.0344435180640241,0.159474055807754
0.444653375002378,0.085013198666251
0.311548950660147,0.191597930728531
0.283506420188678,0.233894698227397
0.271878427891532,0.0576985014815609
0.0319779698745038,0.142619050989583
0.315791061038182,0.200866602920041
0.0551431822677347,0.117514732118516
0.154038802196359,0.124962771903887
0.468675316666852,0.277524991026313
0.486566996646428,0.310046104297882
0.462991847707248,0.331757695025338
0.149207730990885,0.172768157478296
0.141566699398972,0.192960769648082
0.133372455207152,0.2
0.133907992937827,0.210685334376894
0.125910838620807,0.205587556554429
0.132405063771759,0.190063622301157
0.205709279815273,0.142032709244997
0.200405021788414,0.132890188396446
0.210470890149635,0.133464618868383
0.204043899476917,0.122735865887626
0.214647290762862,0.123781263284342
0.227260426815958,0.14834637311571
0.184000657330042,0.144431457148957
0.256054610235323,0.21627207776264
0.254313342798542,0.225477820984041
0.216503998792375,0.255498612869466
0.172971561936165,0.252760494616874
0.16241125573141,0.255757582770938
0.153869688560125,0.251034494785716
0.153912411500035,0.260434248461192
0.176218003857656,0.262796115045181
0.185837204442043,0.26537177657101
0.145536115874747,0.25548980618216
0.178417322239336,0.272124976492641
0.18792112171049,0.275100212784314
0.145345834597215,0.246166764379948
0.13700390097605,0.250432486704721
0.137089020865252,0.240577809905182
0.169401388901916,0.268973162296908
0.180116020383605,0.281315714023399
0.14533328091606,0.265289998829702
0.195062617596973,0.268263448945719
0.197439146781978,0.277957289911026
0.20457306966522,0.27178408161781
0.245480955443349,0.162104280279516
0.236761999364051,0.244937788272892
0.16197199352191,0.154815110125633
0.120534615352312,0.178916274035441
0.14426035972028,0.21690843502432
0.134712916909307,0.220743532077765
0.13049715773919,0.245132354738006
0.128865430609569,0.236750388047159
0.129018552523765,0.253189953661481
0.292965442711183,0.234691460392558
0.153440285807993,0.270312466986906
0.18245263295708,0.374410463102794
0.293308379200305,0.26341417593779
0.257376013721947,0.194480382230466
0.270979350976644,0.370349176498999
0.206727491661708,0.281525997956142
0.303062525950534,0.218310332719841
0.238584584229706,0.0762203319266359
0.261081652978406,0.154004666274161
0.309418400730006,0.24214864509194
0.201443280299205,0.0999477912647655
0.202443026480594,0.110999693288882
0.269639180071758,0.149124071878573
0.12452564465845,0.216472005882344
0.497828132497948,0.342862676397122
0.260077587693258,0.283083534849397
0.155373447061338,0.235955982260473
0.11503064202206,0.249078974054223
0.194670172209359,0.124904183761057
0.20211395917658,0.2986042668179
0.270210555580426,0.207278854764008
0.21983987966235,0.113763481074533
0.14460122116242,0.162983719413914
0.0493926574038611,0.375907478853868
0.103704810581613,0.0494126819796361
0.120830299897607,0.0587453281838803
0.119856685237182,0.0799137212395369
0.209875484404686,0.291593575420258
0.221753148061531,0.293644907474124
0.0200163087141369,0.212745105867666
0.0391852540585854,0.224634410052565
0.039613024476191,0.245766804525163
0.0590000262688188,0.234734342641226
0.0560195081176327,0.216307015919248
0.0575919333021037,0.253464956871603
0.072561288447836,0.243979273693968
0.0425999874758697,0.264610034241845
0.0607386709769026,0.269512886369692
0.0408020720315431,0.200722031458001
0.661093099051007,0.269971661236982
0.558573736169359,0.0470826996920043
0.13635996088875,0.374754934121164
0.121327336623172,0.356006761638292
0.0995795606369885,0.35650755546928
0.111602944619282,0.33791107759984
0.0906965498812639,0.336906163458991
0.130433455971533,0.337770718437068
0.102403830545811,0.3187170147792
0.0819041985221152,0.318894425747166
0.0700341447173531,0.335754048909788
0.0609683023308847,0.316794740744304
0.0736879895338345,0.301418529087615
0.0524358790586306,0.299227191576952
0.0410988081118007,0.31291018710313
0.12313199128701,0.321436455394531
0.155231899075587,0.356061265728325
0.14060815544992,0.322340213368661
0.146258531782124,0.338420329094253
0.162338915535937,0.145094551922465
0.168121097900135,0.138141066558222
0.381787205078397,0.37037162794239
0.39566955264728,0.342498940695106
0.36909758678056,0.344625982379589
0.348821527647084,0.36776361977822
0.326415340959273,0.350981878124949
0.120101587717261,0.265568484845967
0.287095772363958,0.0218093771628526
0.113043319242935,0.229382123392377
0.584183469307765,0.0985926806853773
0.63734471096642,0.0917470358443807
0.0800629278878927,0.373899274275144
0.383202387888206,0.149701017476941
0.499609641566881,0.0448540139714033
0.52929241302818,0.310263267042302
0.110325721938234,0.197125319203252
0.117532142212515,0.189813882647486
0.111141638139018,0.20718482690275
0.256232456688505,0.163402439885625
0.171771244472291,0.287486463948618
0.138444175064409,0.174502742468614
0.135515794751716,0.0242137446030225
0.161926744929745,0.0213656897590737
0.173135491840095,0.0401611996044675
0.153140778260153,0.0413553738246449
0.163563981032382,0.0561285978072925
0.145551569751627,0.058905855061381
0.184577174869712,0.0582327426306003
0.190213001137026,0.0403789742002189
0.338554340416959,0.0880024922686681
0.347176693791199,0.0675052729398777
0.330215675028029,0.0490877001828957
0.258814953345654,0.271106880571008
0.610535512134721,0.348539568299624
0.728734485984331,0.276771185703705
0.213266756137339,0.266322329621924
0.379390930070397,0.0317942877063939
0.414488352755652,0.0293328830141306
0.07984236044707,0.0227320651168362
0.317521024900403,0.0917033700510258
0.309722718200903,0.108650724962651
0.290245228845228,0.320324313110645
0.023069818864004,0.0839161335465752
0.110728444478286,0.173150761616606
0.134369494706884,0.045865732776997
0.213566370027073,0.381831748357692
0.292724731684568,0.376120945596768
0.117132319383577,0.136147631053212
0.733390042829547,0.124010951505467
0.0721072071800142,0.22299172951164
0.22044546281039,0.131618530775793
0.19969251059821,0.288227197598638
0.287848790433366,0.24305672959651
0.229900544006048,0.118430979231515
0.236358538636346,0.144730046344998
0.367892201114163,0.231459775879418
0.671841720316134,0.172261986633296
0.19147533573283,0.106317186768947
0.157904670771849,0.0720263225470641
0.285517957041199,0.163904370656211
0.194611942206589,0.258547837622327
0.161176280616149,0.109302964917699
0.317353537089847,0.139634647430114
0.24797650798181,0.28262407758766
0.0221400917714504,0.258022700479152
0.0498387158808082,0.0292217073389495
0.0916341430166929,0.303166477251334
0.0864557594784101,0.286483157295056
0.0710942599356402,0.209571217622589
0.0605012416983757,0.198432305357893
0.0729678021631617,0.196097723261166
0.150845898254042,0.13447655013161
0.280798355638969,0.190675624775811
0.273636509855258,0.2334745567303
0.263615032799259,0.233189537773797
0.270489143642068,0.139565660696349
0.272265365825952,0.129970925994638
0.283292565515779,0.125600134908136
0.136076586836795,0.260589829274727
0.237595297904846,0.253998243792675
0.137406245460413,0.230333539480327
0.267462512517518,0.113678250240433
0.152434379986537,0.114761708062577
0.223744942614068,0.0778821940373025
0.275596254069697,0.199123105989393
0.140697322391214,0.274627938455435
0.296309544679398,0.338359983593063
0.19020535360557,0.284797275891359
0.125495285597589,0.141619152441125
0.133591847277953,0.069685603143697
0.2610303438725,0.243028419020592
0.264787019231815,0.123622096191588
0.104823430930441,0.0870603560410711
0.353652984524825,0.300918734242756
0.345143454826357,0.281795943793588
0.330241394394179,0.106609161120568
0.238782590782129,0.114254172251986
0.283149468430206,0.260000930146483
0.109125102656251,0.163490043285199
0.293761564773092,0.107238862997565
0.373746236422551,0.17075008864988
0.526726144038977,0.0874985205619396
0.484794253009799,0.0823918776963903
0.256360501411595,0.069646335014314
0.128694346745809,0.1812037793372
0.219087122366493,0.0199146099669861
0.290007023169345,0.302407301776296
0.244995159110927,0.247457756215462
0.0733375594689952,0.258625874701929
0.127516608111794,0.226963691979937
0.306740105581535,0.182911279231838
0.185727387040092,0.338681777526667
0.172550666915722,0.34738572316504
0.682897543437026,0.0640308015148909
0.29776257809192,0.243962439713503
0.251126239843707,0.0852764581376729
0.425916021382197,0.250875596785873
0.387363134738161,0.231171370465417
0.41220833063974,0.224224240203185
0.048411235826154,0.334835200210017
0.305327717989658,0.35613995085819
0.181639483384303,0.291255550992827
0.428815150238047,0.329559017849051
0.275874375712684,0.163530126135879
0.186106249638367,0.13476616288697
0.245160920251236,0.140979860378257
0.506116098936675,0.278063948273353
0.549452881249787,0.26213764789766
0.477822161449986,0.241404995508516
0.210398062399552,0.115491843529842
0.150916451495624,0.279588879493523
0.134655440799154,0.16530097142979
0.253015815135361,0.362576716027989
0.233323335111894,0.355311729231403
0.356077736147318,0.171705590332407
0.21564353851243,0.283731738376392
0.0857338286987632,0.249632339673091
0.0777766765205785,0.272603582040063
0.266155867865327,0.198009807723625
0.151915892018362,0.154195088217072
0.372319983613734,0.0648063242911569
0.130733178503283,0.126581126794379
0.458768389966388,0.114496699323437
0.496337843009587,0.118475950478604
0.230508844547546,0.261522690515071
0.0565885355547799,0.134969914085935
0.350008777685771,0.233131233143615
0.380553179405309,0.12508350020774
0.146094950265444,0.2373618249075
0.0798110597944276,0.351217835751691
0.12915770196507,0.0932856673188172
0.578145937948975,0.303765710599061
0.142539811601113,0.129303794627093
0.431158934842935,0.0589047561341515
0.308484052252594,0.124856624297725
0.0832903920928205,0.215793965189344
0.0869416476933606,0.237313225090851
0.170183729523417,0.0804726118393829
0.164494717296012,0.315663051116909
0.16516129272718,0.327450814551998
0.230977072790649,0.0866131826094529
0.39964366667681,0.249629286608461
0.185748246252246,0.324890146970575
0.114133969326339,0.309412767034451
0.0859858707430392,0.142823341615669
0.435759423709178,0.144955214740476
0.324842006629152,0.283862648209487
0.218457190134837,0.3262425869752
0.306447220002915,0.146670549634569
0.0954594510290952,0.109652478868001
0.0838225319469698,0.194886408057316
0.242959485732879,0.0407759269749285
0.227902575298294,0.138460573066789
0.0564876994190376,0.101840575968725
0.0363761510259229,0.178216496254877
0.145488393637046,0.306252034069097
0.124175294898111,0.29944785516549
0.399368227544397,0.316344251527243
0.0238763918123848,0.376141286274357
0.247155605540397,0.31364760051615
0.279593727239747,0.310202077406794
0.326123811498583,0.330065542957168
0.0243518314580564,0.0246197969783281
0.366538079511795,0.137966850000179
0.272437329592318,0.0746322477694864
0.153789560807337,0.324003815689615
0.299044031001691,0.209149714409839
0.171500838617196,0.362370508463475
0.245131855209791,0.151617879271774
0.0473392639676145,0.0606643280001412
0.192007580314152,0.0712053306955142
0.265534367169305,0.215307233505851
0.0790170275189225,0.174639450644313
0.0454668339628961,0.281895579304647
0.289834732038802,0.117469419156208
0.170468670712562,0.277973905161952
0.360995670703193,0.322223830442891
0.101229201021505,0.291528456256648
0.324283913912038,0.0225805542713199
0.460997613768628,0.364431270662598
0.271775921094321,0.0379939494645771
0.312946263335155,0.156266950506201
0.0592778331319846,0.35360597561604
0.277128360019014,0.145094063423271
0.0660936349218754,0.285190154279004
0.255848809592743,0.381753096464539
0.125613518520741,0.195824193171926
0.345582993467996,0.337527869438558
0.25133625136335,0.240538606351119
0.250268763050749,0.327550387463679
0.0691858556538297,0.184270263695055
0.161381733515626,0.274205557012505
0.744551031339155,0.0554874027055479
0.170714600625037,0.0685350584950044
0.161524915942732,0.265115803803462
0.247093105210704,0.257520752363062
0.0178090848910992,0.169153760132309
0.355510263522589,0.0475092229019618
0.0388230817543851,0.127818840766925
0.312632377324164,0.340090100668563
0.403922199531064,0.128040726375755
0.159344544536578,0.138417872053176
0.0197109689248529,0.319519479189662
0.332822591388945,0.271365534968474
0.744764156412791,0.346212351698143
0.150054889313178,0.0813528442180139
0.249829251212603,0.267058424039481
0.118074430384892,0.0965425696443637
0.309235665516442,0.209708268628216
0.277732987966361,0.240860036198704
0.222746581802348,0.122497542323187
0.257081012464737,0.0500462004620034
0.186503549608096,0.124328435908843
0.293625376781693,0.21740188604473
0.297791089984734,0.226453786285468
0.23482209640682,0.342006591831755
0.220005257761251,0.365957701538371
0.451592566359492,0.253873237872096
0.196259711691101,0.11695146395112
0.126127107542359,0.309816153317257
0.177373925097396,0.137663369567342
0.274069814843863,0.120901545226879
0.240874067703558,0.0214222539071336
0.118915227720929,0.210061134999755
0.270514938588292,0.157176506632475
0.118305112974112,0.200219696752107
0.0899308222077307,0.273678773599712
0.119095452010264,0.0398112290970469
0.201921677228548,0.0287444786278324
0.125291287777836,0.132953532135596
0.261846097452947,0.222913765985418
0.290489643801115,0.252370096642774
0.0180949361170611,0.134652287984016
0.146177542286531,0.12056860727339
0.255782593836257,0.234519602339409
0.0734973487917916,0.13724986612722
0.0641203839413329,0.14509794025726
0.0869131308164851,0.0412537505084069
0.222868717172894,0.339812558024921
0.0751151096250304,0.233242026664198
0.686952201372202,0.226272176036299
0.202221186526783,0.0490071958526868
0.136820510371058,0.183564063776421
0.358355737291727,0.220131622105086
0.120888925022983,0.234177536829534
0.301976569611162,0.236102911937493
0.268538529395069,0.239527692186519
0.582222119256565,0.142630434060926
0.174303751299557,0.332860542751607
0.317861695361203,0.183411337551235
0.11928551739975,0.224195055761623
0.501087732372979,0.148549719342222
0.252548320280183,0.155317595271031
0.222149073941355,0.261169897070979
0.263268015853738,0.188737678042483
0.0957435789562525,0.0965859692962266
0.0406319091342929,0.104432326960824
0.141792105999539,0.224110499132166
0.104541955352882,0.303643829551985
0.202387989576621,0.264372374713155
0.345357699192131,0.164497956697887
0.320730199283179,0.193315450863831
0.462311386342881,0.0633404917188171
0.248617998347633,0.230363627567495
0.0204651017893376,0.151190402378696
0.321734275551744,0.209148511077903
0.125658090349245,0.188070390920223
0.11231406793495,0.181840722645897
0.138166972328627,0.267474409311232
0.168533138109815,0.261060967016858
0.305217530132248,0.0206784991290448
0.0302202215985618,0.275165019242266
0.161247089697886,0.338050839492173
0.127370521645804,0.261019158655921
0.668890539783254,0.116898985634546
0.137591171189376,0.352425432519995
0.285442798604255,0.268772543780784
0.25163596201975,0.275026394977804
0.627206895090438,0.3030305762339
0.172018601797908,0.131864960029841
0.211381195858025,0.27514938441238
0.299619472723839,0.116805885324248
0.255284986183502,0.03400825473626
0.122948517567423,0.244951908656239
0.326722431509269,0.200237857106554
0.120877257444815,0.255624310782042
0.240371233545843,0.332894851208888
0.144888617150828,0.0727970643959167
0.135194404295971,0.312546475005197
0.50418926335394,0.376880390655125
0.22384079866724,0.284265367436151
0.625382314984977,0.132884605325898
0.157169797095321,0.149623569809375
0.195780567426297,0.384095538312751
0.133585802908518,0.0583006297914888
0.380359223781927,0.326555170443019
0.152725100296084,0.243679044861329
0.193102836870655,0.131802046046013
