time,abs_mean_error,abs_std_error
0.000000000000000000e+00,5.364418029785156250e-07,2.682209014892578125e-07
1.000000000000000021e-02,1.889467239379882812e-05,1.014769077301025391e-04
2.000000000000000042e-02,2.095699310302734375e-04,5.762279033660888672e-05
2.999999999999999889e-02,2.949833869934082031e-04,1.754462718963623047e-04
4.000000000000000083e-02,5.196928977966308594e-04,1.457184553146362305e-04
5.000000000000000278e-02,7.808208465576171875e-04,6.040930747985839844e-05
5.999999999999999778e-02,8.217692375183105469e-04,1.543462276458740234e-04
7.000000000000000666e-02,8.199214935302734375e-04,1.681149005889892578e-04
8.000000000000000167e-02,7.152557373046875000e-04,1.772344112396240234e-04
8.999999999999999667e-02,6.329417228698730469e-04,2.602785825729370117e-04
1.000000000000000056e-01,6.154775619506835938e-04,2.483129501342773438e-04
1.100000000000000006e-01,7.935762405395507812e-04,2.554804086685180664e-04
1.199999999999999956e-01,8.006095886230468750e-04,2.722144126892089844e-04
1.300000000000000044e-01,8.555650711059570312e-04,1.201182603836059570e-04
1.400000000000000133e-01,7.486343383789062500e-04,1.850724220275878906e-04
1.499999999999999944e-01,5.868077278137207031e-04,2.005249261856079102e-04
1.600000000000000033e-01,6.457567214965820312e-04,1.961588859558105469e-04
1.700000000000000122e-01,8.307695388793945312e-04,2.763569355010986328e-04
1.799999999999999933e-01,9.828805923461914062e-04,3.307312726974487305e-04
1.900000000000000022e-01,9.598135948181152344e-04,2.629607915878295898e-04
2.000000000000000111e-01,1.002967357635498047e-03,1.910477876663208008e-04
2.099999999999999922e-01,1.031994819641113281e-03,1.581162214279174805e-04
2.200000000000000011e-01,9.087920188903808594e-04,1.214146614074707031e-04
2.300000000000000100e-01,9.244084358215332031e-04,5.050003528594970703e-05
2.399999999999999911e-01,8.605718612670898438e-04,4.336237907409667969e-06
2.500000000000000000e-01,9.543299674987792969e-04,7.465481758117675781e-06
2.600000000000000089e-01,1.113474369049072266e-03,1.507401466369628906e-04
2.700000000000000178e-01,1.273930072784423828e-03,2.371892333030700684e-04
2.800000000000000266e-01,1.504242420196533203e-03,2.741590142250061035e-04
2.899999999999999800e-01,1.448035240173339844e-03,2.040639519691467285e-04
2.999999999999999889e-01,1.520216464996337891e-03,3.768950700759887695e-04
3.099999999999999978e-01,1.503586769104003906e-03,3.213286399841308594e-04
3.200000000000000067e-01,1.526594161987304688e-03,1.380816102027893066e-04
3.300000000000000155e-01,1.617670059204101562e-03,2.361759543418884277e-04
3.400000000000000244e-01,1.584768295288085938e-03,2.289414405822753906e-04
3.500000000000000333e-01,1.703739166259765625e-03,2.659112215042114258e-04
3.599999999999999867e-01,1.772761344909667969e-03,3.286674618721008301e-04
3.699999999999999956e-01,1.841187477111816406e-03,4.025623202323913574e-04
3.800000000000000044e-01,1.786708831787109375e-03,5.283355712890625000e-04
3.900000000000000133e-01,1.826941967010498047e-03,6.341636180877685547e-04
4.000000000000000222e-01,1.760005950927734375e-03,4.152432084083557129e-04
4.100000000000000311e-01,1.662015914916992188e-03,4.675313830375671387e-04
4.199999999999999845e-01,1.848936080932617188e-03,4.696398973464965820e-04
4.299999999999999933e-01,1.873970031738281250e-03,4.663765430450439453e-04
4.400000000000000022e-01,1.902163028717041016e-03,6.041824817657470703e-04
4.500000000000000111e-01,1.854240894317626953e-03,5.655884742736816406e-04
4.600000000000000200e-01,1.747190952301025391e-03,6.000101566314697266e-04
4.700000000000000289e-01,1.708865165710449219e-03,5.932003259658813477e-04
4.799999999999999822e-01,1.775801181793212891e-03,6.068050861358642578e-04
4.899999999999999911e-01,1.829266548156738281e-03,5.514398217201232910e-04
5.000000000000000000e-01,1.830995082855224609e-03,6.142407655715942383e-04
5.100000000000000089e-01,1.949548721313476562e-03,6.939992308616638184e-04
5.200000000000000178e-01,2.099990844726562500e-03,6.788000464439392090e-04
5.300000000000000266e-01,2.283871173858642578e-03,8.423998951911926270e-04
5.400000000000000355e-01,2.275049686431884766e-03,7.716268301010131836e-04
5.500000000000000444e-01,2.232670783996582031e-03,8.793249726295471191e-04
5.600000000000000533e-01,2.204656600952148438e-03,9.456798434257507324e-04
5.700000000000000622e-01,2.373456954956054688e-03,9.985268115997314453e-04
5.799999999999999600e-01,2.573013305664062500e-03,9.431689977645874023e-04
5.899999999999999689e-01,2.666473388671875000e-03,1.016639173030853271e-03
5.999999999999999778e-01,2.747356891632080078e-03,1.061581075191497803e-03
6.099999999999999867e-01,2.710700035095214844e-03,1.057073473930358887e-03
6.199999999999999956e-01,2.950847148895263672e-03,1.236177980899810791e-03
6.300000000000000044e-01,2.995312213897705078e-03,1.181833446025848389e-03
6.400000000000000133e-01,2.965927124023437500e-03,1.237414777278900146e-03
6.500000000000000222e-01,2.995431423187255859e-03,1.191824674606323242e-03
6.600000000000000311e-01,3.097593784332275391e-03,1.290179789066314697e-03
6.700000000000000400e-01,3.018200397491455078e-03,1.369200646877288818e-03
6.800000000000000488e-01,3.062963485717773438e-03,1.322507858276367188e-03
6.900000000000000577e-01,3.095507621765136719e-03,1.276828348636627197e-03
7.000000000000000666e-01,3.163933753967285156e-03,1.253642141819000244e-03
7.099999999999999645e-01,3.224313259124755859e-03,1.078411936759948730e-03
7.199999999999999734e-01,3.309726715087890625e-03,1.363672316074371338e-03
7.299999999999999822e-01,3.242969512939453125e-03,1.324295997619628906e-03
7.399999999999999911e-01,3.333389759063720703e-03,1.467548310756683350e-03
7.500000000000000000e-01,3.335356712341308594e-03,1.568861305713653564e-03
7.600000000000000089e-01,3.395438194274902344e-03,1.569427549839019775e-03
7.700000000000000178e-01,3.357648849487304688e-03,1.690611243247985840e-03
7.800000000000000266e-01,3.429770469665527344e-03,1.631818711757659912e-03
7.900000000000000355e-01,3.413856029510498047e-03,1.676738262176513672e-03
8.000000000000000444e-01,3.368794918060302734e-03,1.830756664276123047e-03
8.100000000000000533e-01,3.568053245544433594e-03,1.870378851890563965e-03
8.200000000000000622e-01,3.493607044219970703e-03,1.955360174179077148e-03
8.300000000000000711e-01,3.387033939361572266e-03,1.863926649093627930e-03
8.399999999999999689e-01,3.486514091491699219e-03,1.963920891284942627e-03
8.499999999999999778e-01,3.629028797149658203e-03,1.974798738956451416e-03
8.599999999999999867e-01,3.459215164184570312e-03,1.979809254407882690e-03
8.699999999999999956e-01,3.487884998321533203e-03,1.990355551242828369e-03
8.800000000000000044e-01,3.783106803894042969e-03,2.073701471090316772e-03
8.900000000000000133e-01,3.829777240753173828e-03,2.081863582134246826e-03
9.000000000000000222e-01,3.858268260955810547e-03,2.084217965602874756e-03
9.100000000000000311e-01,3.705441951751708984e-03,2.004824578762054443e-03
9.200000000000000400e-01,3.783047199249267578e-03,2.060350030660629272e-03
9.300000000000000488e-01,3.833889961242675781e-03,2.012006938457489014e-03
9.400000000000000577e-01,3.802418708801269531e-03,2.177324146032333374e-03
9.500000000000000666e-01,3.844618797302246094e-03,2.292905002832412720e-03
9.599999999999999645e-01,3.892421722412109375e-03,2.375092357397079468e-03
9.699999999999999734e-01,3.835856914520263672e-03,2.495449036359786987e-03
9.799999999999999822e-01,3.724694252014160156e-03,2.426803112030029297e-03
9.899999999999999911e-01,3.870606422424316406e-03,2.542212605476379395e-03
1.000000000000000000e+00,3.960609436035156250e-03,2.461113035678863525e-03
1.010000000000000009e+00,3.942549228668212891e-03,2.455145120620727539e-03
1.020000000000000018e+00,3.985524177551269531e-03,2.437409013509750366e-03
1.030000000000000027e+00,4.103064537048339844e-03,2.437271177768707275e-03
1.040000000000000036e+00,4.255354404449462891e-03,2.303462475538253784e-03
1.050000000000000044e+00,4.397928714752197266e-03,2.242170274257659912e-03
1.060000000000000053e+00,4.479885101318359375e-03,2.198137342929840088e-03
1.070000000000000062e+00,4.543125629425048828e-03,2.273440361022949219e-03
1.080000000000000071e+00,4.572689533233642578e-03,2.355940639972686768e-03
1.090000000000000080e+00,4.596114158630371094e-03,2.374462783336639404e-03
1.100000000000000089e+00,4.646658897399902344e-03,2.333011478185653687e-03
1.110000000000000098e+00,4.620909690856933594e-03,2.514753490686416626e-03
1.120000000000000107e+00,4.597425460815429688e-03,2.614490687847137451e-03
1.130000000000000115e+00,4.466712474822998047e-03,2.538286149501800537e-03
1.140000000000000124e+00,4.548013210296630859e-03,2.607256174087524414e-03
1.150000000000000133e+00,4.505336284637451172e-03,2.740696072578430176e-03
1.159999999999999920e+00,4.451334476470947266e-03,2.593029290437698364e-03
1.169999999999999929e+00,4.463851451873779297e-03,2.630956470966339111e-03
1.179999999999999938e+00,4.517912864685058594e-03,2.817664295434951782e-03
1.189999999999999947e+00,4.491031169891357422e-03,2.832997590303421021e-03
1.199999999999999956e+00,4.383087158203125000e-03,2.807021141052246094e-03
1.209999999999999964e+00,4.141867160797119141e-03,2.886589616537094116e-03
1.219999999999999973e+00,4.190981388092041016e-03,3.040328621864318848e-03
1.229999999999999982e+00,4.035115242004394531e-03,2.796445041894912720e-03
1.239999999999999991e+00,3.895759582519531250e-03,2.929065376520156860e-03
1.250000000000000000e+00,3.935933113098144531e-03,3.011059015989303589e-03
1.260000000000000009e+00,3.901600837707519531e-03,3.159798681735992432e-03
1.270000000000000018e+00,3.995835781097412109e-03,3.226973116397857666e-03
1.280000000000000027e+00,4.027664661407470703e-03,3.286167979240417480e-03
1.290000000000000036e+00,4.046022891998291016e-03,3.284744918346405029e-03
1.300000000000000044e+00,4.024744033813476562e-03,3.098394721746444702e-03
1.310000000000000053e+00,3.964483737945556641e-03,3.147516399621963501e-03
1.320000000000000062e+00,3.954768180847167969e-03,2.990633249282836914e-03
1.330000000000000071e+00,3.923356533050537109e-03,3.059417009353637695e-03
1.340000000000000080e+00,3.925621509552001953e-03,3.139439970254898071e-03
1.350000000000000089e+00,3.854513168334960938e-03,3.171239048242568970e-03
1.360000000000000098e+00,3.905534744262695312e-03,3.072552382946014404e-03
1.370000000000000107e+00,3.994405269622802734e-03,3.070298582315444946e-03
1.380000000000000115e+00,3.910183906555175781e-03,3.184560686349868774e-03
1.390000000000000124e+00,4.058301448822021484e-03,3.340192139148712158e-03
1.400000000000000133e+00,4.116177558898925781e-03,3.467340022325515747e-03
1.409999999999999920e+00,4.352807998657226562e-03,3.518275916576385498e-03
1.419999999999999929e+00,4.336953163146972656e-03,3.613688051700592041e-03
1.429999999999999938e+00,4.363059997558593750e-03,3.508843481540679932e-03
1.439999999999999947e+00,4.432857036590576172e-03,3.364585340023040771e-03
1.449999999999999956e+00,4.381597042083740234e-03,3.228418529033660889e-03
1.459999999999999964e+00,4.379630088806152344e-03,3.119684755802154541e-03
1.469999999999999973e+00,4.396975040435791016e-03,3.057379275560379028e-03
1.479999999999999982e+00,4.585504531860351562e-03,2.946231514215469360e-03
1.489999999999999991e+00,4.675567150115966797e-03,3.020256757736206055e-03
1.500000000000000000e+00,4.504680633544921875e-03,2.848699688911437988e-03
1.510000000000000009e+00,4.479348659515380859e-03,2.849742770195007324e-03
1.520000000000000018e+00,4.565000534057617188e-03,3.122285008430480957e-03
1.530000000000000027e+00,4.652500152587890625e-03,3.293722867965698242e-03
1.540000000000000036e+00,4.568278789520263672e-03,3.129355609416961670e-03
1.550000000000000044e+00,4.586160182952880859e-03,3.079190850257873535e-03
1.560000000000000053e+00,4.451453685760498047e-03,3.013718873262405396e-03
1.570000000000000062e+00,4.519581794738769531e-03,3.030020743608474731e-03
1.580000000000000071e+00,4.477560520172119141e-03,3.131564706563949585e-03
1.590000000000000080e+00,4.451990127563476562e-03,3.112066537141799927e-03
1.600000000000000089e+00,4.359662532806396484e-03,3.224566578865051270e-03
1.610000000000000098e+00,4.348158836364746094e-03,3.247581422328948975e-03
1.620000000000000107e+00,4.477977752685546875e-03,3.352142870426177979e-03
1.630000000000000115e+00,4.264831542968750000e-03,3.363352268934249878e-03
1.640000000000000124e+00,4.248261451721191406e-03,3.268182277679443359e-03
1.650000000000000133e+00,4.185020923614501953e-03,3.227178007364273071e-03
1.660000000000000142e+00,4.254281520843505859e-03,3.142558038234710693e-03
1.669999999999999929e+00,4.186213016510009766e-03,3.320112824440002441e-03
1.679999999999999938e+00,4.171073436737060547e-03,3.359824419021606445e-03
1.689999999999999947e+00,4.154205322265625000e-03,3.551635891199111938e-03
1.699999999999999956e+00,4.129052162170410156e-03,3.496788442134857178e-03
1.709999999999999964e+00,4.121065139770507812e-03,3.420177847146987915e-03
1.719999999999999973e+00,4.251897335052490234e-03,3.544781357049942017e-03
1.729999999999999982e+00,4.297435283660888672e-03,3.582730889320373535e-03
1.739999999999999991e+00,4.194617271423339844e-03,3.606282174587249756e-03
1.750000000000000000e+00,4.248976707458496094e-03,3.746517002582550049e-03
1.760000000000000009e+00,4.354894161224365234e-03,3.869615495204925537e-03
1.770000000000000018e+00,4.542827606201171875e-03,3.819342702627182007e-03
1.780000000000000027e+00,4.584729671478271484e-03,3.814905881881713867e-03
1.790000000000000036e+00,4.469454288482666016e-03,3.781381994485855103e-03
1.800000000000000044e+00,4.577517509460449219e-03,3.796715289354324341e-03
1.810000000000000053e+00,4.556357860565185547e-03,3.806844353675842285e-03
1.820000000000000062e+00,4.584670066833496094e-03,3.792885690927505493e-03
1.830000000000000071e+00,4.665672779083251953e-03,3.786753863096237183e-03
1.840000000000000080e+00,4.636108875274658203e-03,3.691140562295913696e-03
1.850000000000000089e+00,4.461228847503662109e-03,3.634270280599594116e-03
1.860000000000000098e+00,4.530727863311767578e-03,3.674026578664779663e-03
1.870000000000000107e+00,4.447579383850097656e-03,3.638982772827148438e-03
1.880000000000000115e+00,4.583895206451416016e-03,3.653809428215026855e-03
1.890000000000000124e+00,4.782259464263916016e-03,3.765109926462173462e-03
1.900000000000000133e+00,4.838824272155761719e-03,3.705143928527832031e-03
1.910000000000000142e+00,5.004882812500000000e-03,3.828153014183044434e-03
1.919999999999999929e+00,5.176424980163574219e-03,3.802906721830368042e-03
1.929999999999999938e+00,5.180537700653076172e-03,3.824763000011444092e-03
1.939999999999999947e+00,5.193650722503662109e-03,3.919038921594619751e-03
1.949999999999999956e+00,5.117654800415039062e-03,3.907833248376846313e-03
1.959999999999999964e+00,5.136549472808837891e-03,3.829319030046463013e-03
1.969999999999999973e+00,5.107104778289794922e-03,3.828208893537521362e-03
1.979999999999999982e+00,5.125820636749267578e-03,3.942787647247314453e-03
1.989999999999999991e+00,5.271196365356445312e-03,4.158426076173782349e-03
2.000000000000000000e+00,5.107820034027099609e-03,4.216808825731277466e-03
2.010000000000000231e+00,5.266904830932617188e-03,4.384182393550872803e-03
2.020000000000000018e+00,5.229473114013671875e-03,4.511084407567977905e-03
2.030000000000000249e+00,5.265474319458007812e-03,4.443492740392684937e-03
2.040000000000000036e+00,5.323410034179687500e-03,4.370309412479400635e-03
2.049999999999999822e+00,5.334436893463134766e-03,4.216268658638000488e-03
2.060000000000000053e+00,5.371093750000000000e-03,4.432808607816696167e-03
2.069999999999999840e+00,5.252540111541748047e-03,4.369869828224182129e-03
2.080000000000000071e+00,5.472958087921142578e-03,4.280041903257369995e-03
2.089999999999999858e+00,5.339086055755615234e-03,4.299137741327285767e-03
2.100000000000000089e+00,5.448102951049804688e-03,4.240911453962326050e-03
2.109999999999999876e+00,5.434393882751464844e-03,4.280831664800643921e-03
2.120000000000000107e+00,5.507647991180419922e-03,4.216823726892471313e-03
2.129999999999999893e+00,5.386292934417724609e-03,4.276040941476821899e-03
2.140000000000000124e+00,5.261242389678955078e-03,4.247367382049560547e-03
2.149999999999999911e+00,5.249679088592529297e-03,4.072021692991256714e-03
2.160000000000000142e+00,5.283117294311523438e-03,4.241619259119033813e-03
2.169999999999999929e+00,5.269467830657958984e-03,4.233304411172866821e-03
2.180000000000000160e+00,5.334079265594482422e-03,4.290919750928878784e-03
2.189999999999999947e+00,5.241036415100097656e-03,4.246424883604049683e-03
2.200000000000000178e+00,5.164623260498046875e-03,4.231933504343032837e-03
2.209999999999999964e+00,5.281031131744384766e-03,4.346106201410293579e-03
2.220000000000000195e+00,5.234539508819580078e-03,4.345301538705825806e-03
2.229999999999999982e+00,5.279719829559326172e-03,4.338309168815612793e-03
2.240000000000000213e+00,5.245089530944824219e-03,4.326801747083663940e-03
2.250000000000000000e+00,5.193591117858886719e-03,4.372134804725646973e-03
2.260000000000000231e+00,5.304753780364990234e-03,4.392120987176895142e-03
2.270000000000000018e+00,5.218803882598876953e-03,4.528801888227462769e-03
2.280000000000000249e+00,5.246877670288085938e-03,4.583872854709625244e-03
2.290000000000000036e+00,5.342304706573486328e-03,4.501130431890487671e-03
2.300000000000000266e+00,5.368053913116455078e-03,4.468634724617004395e-03
2.310000000000000053e+00,5.461812019348144531e-03,4.506990313529968262e-03
2.319999999999999840e+00,5.399465560913085938e-03,4.434600472450256348e-03
2.330000000000000071e+00,5.413949489593505859e-03,4.403166472911834717e-03
2.339999999999999858e+00,5.329072475433349609e-03,4.258174449205398560e-03
2.350000000000000089e+00,5.388438701629638672e-03,4.252579063177108765e-03
2.359999999999999876e+00,5.328714847564697266e-03,4.033390432596206665e-03
2.370000000000000107e+00,5.303323268890380859e-03,4.206735640764236450e-03
2.379999999999999893e+00,5.243718624114990234e-03,4.174690693616867065e-03
2.390000000000000124e+00,5.272567272186279297e-03,4.180565476417541504e-03
2.399999999999999911e+00,5.196630954742431641e-03,3.939505666494369507e-03
2.410000000000000142e+00,5.100727081298828125e-03,3.791082650423049927e-03
2.419999999999999929e+00,5.179822444915771484e-03,3.771096467971801758e-03
2.430000000000000160e+00,5.135476589202880859e-03,3.758236765861511230e-03
2.439999999999999947e+00,5.200326442718505859e-03,3.810003399848937988e-03
2.450000000000000178e+00,5.078434944152832031e-03,3.855168819427490234e-03
2.459999999999999964e+00,5.245506763458251953e-03,3.923960030078887939e-03
2.470000000000000195e+00,5.163431167602539062e-03,3.954991698265075684e-03
2.479999999999999982e+00,5.150318145751953125e-03,3.829088062047958374e-03
2.490000000000000213e+00,4.980266094207763672e-03,3.859270364046096802e-03
2.500000000000000000e+00,4.900217056274414062e-03,3.904886543750762939e-03
2.510000000000000231e+00,4.952549934387207031e-03,4.002079367637634277e-03
2.520000000000000018e+00,5.072236061096191406e-03,3.982860594987869263e-03
2.530000000000000249e+00,5.028843879699707031e-03,3.926560282707214355e-03
2.540000000000000036e+00,4.848480224609375000e-03,3.958147019147872925e-03
2.550000000000000266e+00,4.906356334686279297e-03,3.922514617443084717e-03
2.560000000000000053e+00,4.987895488739013672e-03,3.979813307523727417e-03
2.569999999999999840e+00,4.932969808578491211e-03,3.783293068408966064e-03
2.580000000000000071e+00,5.007088184356689453e-03,3.963988274335861206e-03
2.589999999999999858e+00,5.248606204986572266e-03,3.943327814340591431e-03
2.600000000000000089e+00,5.225330591201782227e-03,3.890816122293472290e-03
2.609999999999999876e+00,5.288928747177124023e-03,4.110455513000488281e-03
2.620000000000000107e+00,5.155861377716064453e-03,4.016004502773284912e-03
2.629999999999999893e+00,5.189955234527587891e-03,4.047371447086334229e-03
2.640000000000000124e+00,5.106717348098754883e-03,3.914318978786468506e-03
2.649999999999999911e+00,5.022943019866943359e-03,3.869559615850448608e-03
2.660000000000000142e+00,4.942178726196289062e-03,3.742530941963195801e-03
2.669999999999999929e+00,4.996299743652343750e-03,3.904253244400024414e-03
2.680000000000000160e+00,4.982233047485351562e-03,4.073686897754669189e-03
2.689999999999999947e+00,4.974246025085449219e-03,4.170984029769897461e-03
2.700000000000000178e+00,4.847794771194458008e-03,4.007775336503982544e-03
2.709999999999999964e+00,4.935681819915771484e-03,4.026737064123153687e-03
2.720000000000000195e+00,4.917085170745849609e-03,3.969363868236541748e-03
2.729999999999999982e+00,5.031406879425048828e-03,3.999024629592895508e-03
2.740000000000000213e+00,5.058139562606811523e-03,3.939304500818252563e-03
2.750000000000000000e+00,5.165576934814453125e-03,3.960169851779937744e-03
2.760000000000000231e+00,5.151003599166870117e-03,3.948196768760681152e-03
2.770000000000000018e+00,5.165457725524902344e-03,4.023596644401550293e-03
2.780000000000000249e+00,5.262225866317749023e-03,4.039578139781951904e-03
2.790000000000000036e+00,5.111396312713623047e-03,4.189267754554748535e-03
2.800000000000000266e+00,5.250781774520874023e-03,4.264369606971740723e-03
2.810000000000000053e+00,5.505770444869995117e-03,4.247788339853286743e-03
2.819999999999999840e+00,5.564093589782714844e-03,4.269555211067199707e-03
2.830000000000000071e+00,5.515724420547485352e-03,4.218339920043945312e-03
2.839999999999999858e+00,5.450725555419921875e-03,4.176367074251174927e-03
2.850000000000000089e+00,5.428403615951538086e-03,4.074331372976303101e-03
2.859999999999999876e+00,5.257666110992431641e-03,4.209309816360473633e-03
2.870000000000000107e+00,5.336850881576538086e-03,4.173215478658676147e-03
2.879999999999999893e+00,5.408525466918945312e-03,4.266068339347839355e-03
2.890000000000000124e+00,5.393922328948974609e-03,4.147417843341827393e-03
2.899999999999999911e+00,5.344122648239135742e-03,4.044316709041595459e-03
2.910000000000000142e+00,5.211651325225830078e-03,4.048701375722885132e-03
2.919999999999999929e+00,5.363702774047851562e-03,3.821752965450286865e-03
2.930000000000000160e+00,5.393892526626586914e-03,3.663726150989532471e-03
2.939999999999999947e+00,5.309581756591796875e-03,3.713846206665039062e-03
2.950000000000000178e+00,5.166947841644287109e-03,3.747910261154174805e-03
2.959999999999999964e+00,5.106449127197265625e-03,3.660570830106735229e-03
2.970000000000000195e+00,5.033016204833984375e-03,3.615509718656539917e-03
2.979999999999999982e+00,4.916548728942871094e-03,3.650702536106109619e-03
2.990000000000000213e+00,4.684388637542724609e-03,3.589794039726257324e-03
3.000000000000000000e+00,4.614114761352539062e-03,3.470007330179214478e-03
3.010000000000000231e+00,4.545331001281738281e-03,3.420166671276092529e-03
3.020000000000000018e+00,4.513025283813476562e-03,3.359999507665634155e-03
3.030000000000000249e+00,4.642844200134277344e-03,3.490690141916275024e-03
3.040000000000000036e+00,4.573106765747070312e-03,3.415264189243316650e-03
3.050000000000000266e+00,4.546225070953369141e-03,3.429286181926727295e-03
3.060000000000000053e+00,4.549026489257812500e-03,3.524094820022583008e-03
3.070000000000000284e+00,4.555881023406982422e-03,3.433339297771453857e-03
3.080000000000000071e+00,4.715919494628906250e-03,3.605566918849945068e-03
3.089999999999999858e+00,4.705965518951416016e-03,3.605317324399948120e-03
3.100000000000000089e+00,4.629015922546386719e-03,3.493696451187133789e-03
3.109999999999999876e+00,4.509925842285156250e-03,3.551367670297622681e-03
3.120000000000000107e+00,4.532098770141601562e-03,3.540672361850738525e-03
3.129999999999999893e+00,4.591882228851318359e-03,3.534946590662002563e-03
3.140000000000000124e+00,4.716873168945312500e-03,3.644220530986785889e-03
3.149999999999999911e+00,4.610598087310791016e-03,3.452915698289871216e-03
3.160000000000000142e+00,4.636645317077636719e-03,3.482945263385772705e-03
3.169999999999999929e+00,4.653275012969970703e-03,3.689616918563842773e-03
3.180000000000000160e+00,4.491627216339111328e-03,3.589201718568801880e-03
3.189999999999999947e+00,4.448950290679931641e-03,3.593031316995620728e-03
3.200000000000000178e+00,4.447698593139648438e-03,3.598973155021667480e-03
3.209999999999999964e+00,4.504501819610595703e-03,3.538399934768676758e-03
3.220000000000000195e+00,4.527449607849121094e-03,3.570102155208587646e-03
3.229999999999999982e+00,4.589974880218505859e-03,3.491010516881942749e-03
3.240000000000000213e+00,4.451036453247070312e-03,3.474649041891098022e-03
3.250000000000000000e+00,4.452705383300781250e-03,3.770835697650909424e-03
3.260000000000000231e+00,4.546165466308593750e-03,3.786817193031311035e-03
3.270000000000000018e+00,4.556477069854736328e-03,3.746699541807174683e-03
3.280000000000000249e+00,4.622399806976318359e-03,3.628157079219818115e-03
3.290000000000000036e+00,4.608929157257080078e-03,3.818340599536895752e-03
3.300000000000000266e+00,4.741191864013671875e-03,3.725804388523101807e-03
3.310000000000000053e+00,4.754424095153808594e-03,3.808770328760147095e-03
3.320000000000000284e+00,5.016267299652099609e-03,3.927953541278839111e-03
3.330000000000000071e+00,5.031704902648925781e-03,3.986701369285583496e-03
3.339999999999999858e+00,5.205780267715454102e-03,4.018448293209075928e-03
3.350000000000000089e+00,5.246371030807495117e-03,4.112251102924346924e-03
3.359999999999999876e+00,5.337625741958618164e-03,4.116330295801162720e-03
3.370000000000000107e+00,5.246847867965698242e-03,4.153419286012649536e-03
3.379999999999999893e+00,5.181998014450073242e-03,4.305738955736160278e-03
3.390000000000000124e+00,5.001932382583618164e-03,4.285462200641632080e-03
3.399999999999999911e+00,5.188703536987304688e-03,4.229743033647537231e-03
3.410000000000000142e+00,5.245894193649291992e-03,4.181295633316040039e-03
3.419999999999999929e+00,5.291074514389038086e-03,3.999244421720504761e-03
3.430000000000000160e+00,5.181938409805297852e-03,4.003584384918212891e-03
3.439999999999999947e+00,5.329281091690063477e-03,3.972984850406646729e-03
3.450000000000000178e+00,5.306154489517211914e-03,3.910358995199203491e-03
3.459999999999999964e+00,5.409657955169677734e-03,3.929283469915390015e-03
3.470000000000000195e+00,5.462408065795898438e-03,4.004955291748046875e-03
3.479999999999999982e+00,5.598008632659912109e-03,4.041407257318496704e-03
3.490000000000000213e+00,5.611389875411987305e-03,4.112236201763153076e-03
3.500000000000000000e+00,5.513548851013183594e-03,4.173453897237777710e-03
3.510000000000000231e+00,5.547791719436645508e-03,4.056375473737716675e-03
3.520000000000000018e+00,5.528539419174194336e-03,4.092410206794738770e-03
3.530000000000000249e+00,5.343735218048095703e-03,4.006315022706985474e-03
3.540000000000000036e+00,5.221068859100341797e-03,3.966160118579864502e-03
3.550000000000000266e+00,5.129218101501464844e-03,3.869906067848205566e-03
3.560000000000000053e+00,5.081772804260253906e-03,3.729991614818572998e-03
3.570000000000000284e+00,5.025744438171386719e-03,3.796257078647613525e-03
3.580000000000000071e+00,4.922211170196533203e-03,3.698434680700302124e-03
3.589999999999999858e+00,4.938125610351562500e-03,3.672394901514053345e-03
3.600000000000000089e+00,5.036950111389160156e-03,3.706369549036026001e-03
3.609999999999999876e+00,4.888474941253662109e-03,3.851477056741714478e-03
3.620000000000000107e+00,4.851400852203369141e-03,3.752276301383972168e-03
3.629999999999999893e+00,4.895865917205810547e-03,3.794200718402862549e-03
3.640000000000000124e+00,4.906952381134033203e-03,3.564748913049697876e-03
3.649999999999999911e+00,4.988849163055419922e-03,3.575105220079421997e-03
3.660000000000000142e+00,4.914879798889160156e-03,3.568500280380249023e-03
3.669999999999999929e+00,4.878520965576171875e-03,3.604978322982788086e-03
3.680000000000000160e+00,4.832208156585693359e-03,3.592327237129211426e-03
3.689999999999999947e+00,4.769623279571533203e-03,3.503475338220596313e-03
3.700000000000000178e+00,4.846394062042236328e-03,3.595449030399322510e-03
3.709999999999999964e+00,4.932224750518798828e-03,3.703214228153228760e-03
3.720000000000000195e+00,4.898309707641601562e-03,3.838621079921722412e-03
3.729999999999999982e+00,4.838943481445312500e-03,3.893956542015075684e-03
3.740000000000000213e+00,4.948318004608154297e-03,3.970261663198471069e-03
3.750000000000000000e+00,4.920899868011474609e-03,4.092577844858169556e-03
3.760000000000000231e+00,5.007565021514892578e-03,4.030283540487289429e-03
3.770000000000000018e+00,5.023479461669921875e-03,3.933738917112350464e-03
3.780000000000000249e+00,4.899263381958007812e-03,3.939628601074218750e-03
3.790000000000000036e+00,5.089938640594482422e-03,3.905627876520156860e-03
3.800000000000000266e+00,5.168676376342773438e-03,3.857452422380447388e-03
3.810000000000000053e+00,5.028605461120605469e-03,3.803726285696029663e-03
3.820000000000000284e+00,4.924952983856201172e-03,3.808069974184036255e-03
3.830000000000000071e+00,4.977703094482421875e-03,3.861255943775177002e-03
3.839999999999999858e+00,5.049288272857666016e-03,3.837745636701583862e-03
3.850000000000000089e+00,4.981696605682373047e-03,3.943450748920440674e-03
3.859999999999999876e+00,4.962980747222900391e-03,3.876488655805587769e-03
3.870000000000000107e+00,5.087733268737792969e-03,3.880310803651809692e-03
3.879999999999999893e+00,5.176126956939697266e-03,3.911022096872329712e-03
3.890000000000000124e+00,5.214631557464599609e-03,4.007637500762939453e-03
3.899999999999999911e+00,5.250066518783569336e-03,4.199601709842681885e-03
3.910000000000000142e+00,5.253851413726806641e-03,4.147056490182876587e-03
3.919999999999999929e+00,5.187392234802246094e-03,4.198491573333740234e-03
3.930000000000000160e+00,5.217909812927246094e-03,4.117686301469802856e-03
3.939999999999999947e+00,5.023241043090820312e-03,4.187073558568954468e-03
3.950000000000000178e+00,4.902154207229614258e-03,4.235133528709411621e-03
3.959999999999999964e+00,4.846096038818359375e-03,4.143197089433670044e-03
3.970000000000000195e+00,4.799485206604003906e-03,4.048060625791549683e-03
3.979999999999999982e+00,4.720330238342285156e-03,4.059843719005584717e-03
3.990000000000000213e+00,4.598677158355712891e-03,4.061475396156311035e-03
4.000000000000000000e+00,4.773676395416259766e-03,4.026837646961212158e-03
4.009999999999999787e+00,4.811912775039672852e-03,4.118453711271286011e-03
4.020000000000000462e+00,4.754543304443359375e-03,4.043385386466979980e-03
4.030000000000000249e+00,4.850596189498901367e-03,4.225801676511764526e-03
4.040000000000000036e+00,5.017459392547607422e-03,4.274550825357437134e-03
4.049999999999999822e+00,5.007326602935791016e-03,4.191011190414428711e-03
4.060000000000000497e+00,5.085527896881103516e-03,4.100356251001358032e-03
4.070000000000000284e+00,4.992306232452392578e-03,3.991063684225082397e-03
4.080000000000000071e+00,5.038201808929443359e-03,4.057358950376510620e-03
4.089999999999999858e+00,4.964143037796020508e-03,3.963582217693328857e-03
4.099999999999999645e+00,4.888683557510375977e-03,4.081308841705322266e-03
4.110000000000000320e+00,4.851520061492919922e-03,3.899756819009780884e-03
4.120000000000000107e+00,4.687607288360595703e-03,3.906875848770141602e-03
4.129999999999999893e+00,4.765003919601440430e-03,4.005599766969680786e-03
4.139999999999999680e+00,4.768580198287963867e-03,3.826968371868133545e-03
4.150000000000000355e+00,4.774272441864013672e-03,3.900323063135147095e-03
4.160000000000000142e+00,4.788547754287719727e-03,3.777567297220230103e-03
4.169999999999999929e+00,4.685401916503906250e-03,3.750998526811599731e-03
4.179999999999999716e+00,4.653394222259521484e-03,3.734033554792404175e-03
4.190000000000000391e+00,4.642963409423828125e-03,3.688439726829528809e-03
4.200000000000000178e+00,4.712104797363281250e-03,3.828942775726318359e-03
4.209999999999999964e+00,4.755616188049316406e-03,3.768801689147949219e-03
4.219999999999999751e+00,4.846394062042236328e-03,3.829099237918853760e-03
4.230000000000000426e+00,4.984587430953979492e-03,3.807373344898223877e-03
4.240000000000000213e+00,4.851073026657104492e-03,3.678556531667709351e-03
4.250000000000000000e+00,4.858046770095825195e-03,3.636520355939865112e-03
4.259999999999999787e+00,4.967540502548217773e-03,3.584969788789749146e-03
4.270000000000000462e+00,5.015492439270019531e-03,3.541570156812667847e-03
4.280000000000000249e+00,5.070447921752929688e-03,3.456991165876388550e-03
4.290000000000000036e+00,4.993408918380737305e-03,3.276791423559188843e-03
4.299999999999999822e+00,4.940181970596313477e-03,3.340609371662139893e-03
4.310000000000000497e+00,4.984915256500244141e-03,3.367796540260314941e-03
4.320000000000000284e+00,4.892408847808837891e-03,3.554441034793853760e-03
4.330000000000000071e+00,4.789292812347412109e-03,3.532607108354568481e-03
4.339999999999999858e+00,4.717618227005004883e-03,3.426190465688705444e-03
4.350000000000000533e+00,4.715353250503540039e-03,3.396805375814437866e-03
4.360000000000000320e+00,4.548013210296630859e-03,3.462549299001693726e-03
4.370000000000000107e+00,4.523873329162597656e-03,3.372184932231903076e-03
4.379999999999999893e+00,4.623532295227050781e-03,3.501038998365402222e-03
4.389999999999999680e+00,4.576861858367919922e-03,3.356005996465682983e-03
4.400000000000000355e+00,4.563391208648681641e-03,3.379259258508682251e-03
4.410000000000000142e+00,4.602193832397460938e-03,3.413263708353042603e-03
4.419999999999999929e+00,4.519820213317871094e-03,3.304813057184219360e-03
4.429999999999999716e+00,4.444837570190429688e-03,3.430228680372238159e-03
4.440000000000000391e+00,4.486441612243652344e-03,3.621932119131088257e-03
4.450000000000000178e+00,4.552274942398071289e-03,3.686152398586273193e-03
4.459999999999999964e+00,4.453957080841064453e-03,3.955651074647903442e-03
4.469999999999999751e+00,4.458844661712646484e-03,3.819711506366729736e-03
4.480000000000000426e+00,4.725694656372070312e-03,3.865119069814682007e-03
4.490000000000000213e+00,4.687279462814331055e-03,3.717657178640365601e-03
4.500000000000000000e+00,4.645109176635742188e-03,3.642015159130096436e-03
4.509999999999999787e+00,4.633665084838867188e-03,3.707144409418106079e-03
4.520000000000000462e+00,4.643261432647705078e-03,3.764919936656951904e-03
4.530000000000000249e+00,4.528164863586425781e-03,3.673978149890899658e-03
4.540000000000000036e+00,4.520952701568603516e-03,3.647502511739730835e-03
4.549999999999999822e+00,4.571139812469482422e-03,3.798808902502059937e-03
4.560000000000000497e+00,4.732787609100341797e-03,3.891527652740478516e-03
4.570000000000000284e+00,4.663258790969848633e-03,3.836616873741149902e-03
4.580000000000000071e+00,4.666864871978759766e-03,4.077941179275512695e-03
4.589999999999999858e+00,4.671245813369750977e-03,4.223681986331939697e-03
4.600000000000000533e+00,4.659324884414672852e-03,4.290312528610229492e-03
4.610000000000000320e+00,4.467010498046875000e-03,4.194155335426330566e-03
4.620000000000000107e+00,4.417002201080322266e-03,4.192113876342773438e-03
4.629999999999999893e+00,4.552721977233886719e-03,4.158094525337219238e-03
4.639999999999999680e+00,4.624187946319580078e-03,4.239235073328018188e-03
4.650000000000000355e+00,4.508286714553833008e-03,4.183921962976455688e-03
4.660000000000000142e+00,4.360139369964599609e-03,4.108861088752746582e-03
4.669999999999999929e+00,4.380583763122558594e-03,4.104167222976684570e-03
4.679999999999999716e+00,4.294842481613159180e-03,4.139669239521026611e-03
4.690000000000000391e+00,4.299700260162353516e-03,4.060856997966766357e-03
4.700000000000000178e+00,4.372626543045043945e-03,4.149381071329116821e-03
4.709999999999999964e+00,4.304021596908569336e-03,3.951530903577804565e-03
4.719999999999999751e+00,4.351258277893066406e-03,4.069842398166656494e-03
4.730000000000000426e+00,4.381716251373291016e-03,4.039265215396881104e-03
4.740000000000000213e+00,4.292249679565429688e-03,3.990512341260910034e-03
4.750000000000000000e+00,4.269778728485107422e-03,4.115499556064605713e-03
4.759999999999999787e+00,4.280716180801391602e-03,4.108235239982604980e-03
4.770000000000000462e+00,4.207730293273925781e-03,3.997478634119033813e-03
4.780000000000000249e+00,4.391729831695556641e-03,4.178076982498168945e-03
4.790000000000000036e+00,4.414230585098266602e-03,4.089113324880599976e-03
4.799999999999999822e+00,4.429817199707031250e-03,4.038061946630477905e-03
4.810000000000000497e+00,4.341572523117065430e-03,3.995355218648910522e-03
4.820000000000000284e+00,4.411429166793823242e-03,3.917619585990905762e-03
4.830000000000000071e+00,4.274517297744750977e-03,3.872409462928771973e-03
4.839999999999999858e+00,4.208326339721679688e-03,3.802690654993057251e-03
4.850000000000000533e+00,4.296660423278808594e-03,3.694474697113037109e-03
4.860000000000000320e+00,4.255682229995727539e-03,3.733661025762557983e-03
4.870000000000000107e+00,4.030495882034301758e-03,3.761012107133865356e-03
4.879999999999999893e+00,4.163324832916259766e-03,3.818776458501815796e-03
4.889999999999999680e+00,4.200130701065063477e-03,3.870941698551177979e-03
4.900000000000000355e+00,4.276692867279052734e-03,3.882411867380142212e-03
4.910000000000000142e+00,4.269391298294067383e-03,3.781177103519439697e-03
4.919999999999999929e+00,4.221022129058837891e-03,3.694843500852584839e-03
4.929999999999999716e+00,4.173487424850463867e-03,3.662597388029098511e-03
4.940000000000000391e+00,4.081577062606811523e-03,3.591105341911315918e-03
4.950000000000000178e+00,3.930151462554931641e-03,3.670588135719299316e-03
4.959999999999999964e+00,4.094481468200683594e-03,3.573294728994369507e-03
4.969999999999999751e+00,4.085600376129150391e-03,3.691099584102630615e-03
4.980000000000000426e+00,4.059314727783203125e-03,3.626771271228790283e-03
4.990000000000000213e+00,4.096746444702148438e-03,3.673452883958816528e-03
5.000000000000000000e+00,4.197716712951660156e-03,3.658279776573181152e-03
