0,1,0,0
5e-05,1,0.019974,2.5737e-09
5.1202e-05,1,0.020454,2.7328e-09
5.2433e-05,1,0.020944,2.8958e-09
5.3694e-05,1,0.021447,3.0627e-09
5.4985e-05,1,0.021961,3.2738e-09
5.6307e-05,1,0.022488,3.5266e-09
5.7661e-05,1,0.023027,3.7854e-09
5.9048e-05,1,0.023579,4.0504e-09
6.0467e-05,1,0.024144,4.3217e-09
6.1921e-05,1,0.024723,4.5997e-09
6.341e-05,1,0.025315,4.8843e-09
6.4935e-05,1,0.025922,5.1757e-09
6.6496e-05,1,0.026543,5.5294e-09
6.8095e-05,1,0.027179,5.908e-09
6.9733e-05,1,0.02783,6.311e-09
7.1409e-05,1,0.028496,6.7399e-09
7.3126e-05,1,0.029178,7.1961e-09
7.4885e-05,1,0.029877,7.681e-09
7.6685e-05,1,0.030592,8.1961e-09
7.8529e-05,1,0.031324,8.7432e-09
8.0417e-05,1,0.032074,9.3238e-09
8.2351e-05,1,0.032841,9.94e-09
8.4331e-05,1,0.033626,1.0613e-08
8.6359e-05,1,0.03443,1.1347e-08
8.8435e-05,1,0.035253,1.2131e-08
9.0562e-05,1,0.036095,1.2968e-08
9.2739e-05,1,0.036957,1.386e-08
9.4969e-05,1,0.037839,1.4812e-08
9.7252e-05,1,0.038743,1.5825e-08
9.9591e-05,1,0.039667,1.6904e-08
0.00010199,1,0.040614,1.8062e-08
0.00010444,1,0.041582,1.9332e-08
0.00010695,1,0.042573,2.0692e-08
0.00010952,1,0.043587,2.2147e-08
0.00011215,1,0.044624,2.3701e-08
0.00011485,1,0.045687,2.536e-08
0.00011761,1,0.046773,2.7131e-08
0.00012044,1,0.047886,2.9032e-08
0.00012334,1,0.049023,3.11e-08
0.0001263,0.99999,0.050187,3.3316e-08
0.00012934,0.99999,0.051378,3.5687e-08
0.00013245,0.99999,0.052597,3.8222e-08
0.00013563,0.99999,0.053844,4.093e-08
0.00013889,0.99999,0.055119,4.383e-08
0.00014223,0.99999,0.056424,4.6953e-08
0.00014565,0.99999,0.057758,5.0303e-08
0.00014916,0.99999,0.059123,5.3897e-08
0.00015274,0.99999,0.060519,5.7751e-08
0.00015642,0.99999,0.061947,6.1885e-08
0.00016018,0.99999,0.063407,6.632e-08
0.00016403,0.99999,0.0649,7.1078e-08
0.00016797,0.99999,0.066427,7.6181e-08
0.00017201,0.99999,0.067987,8.1657e-08
0.00017615,0.99999,0.069583,8.7531e-08
0.00018038,0.99999,0.071214,9.3832e-08
0.00018472,0.99999,0.072882,1.0058e-07
0.00018916,0.99999,0.074586,1.0782e-07
0.00019371,0.99999,0.076328,1.1558e-07
0.00019837,0.99999,0.078107,1.239e-07
0.00020314,0.99999,0.079926,1.3283e-07
0.00020802,0.99999,0.081784,1.424e-07
0.00021302,0.99999,0.083682,1.5266e-07
0.00021814,0.99999,0.085621,1.6367e-07
0.00022339,0.99999,0.087601,1.7547e-07
0.00022876,0.99999,0.089623,1.8812e-07
0.00023426,0.99999,0.091688,2.0166e-07
0.00023989,0.99999,0.093796,2.1618e-07
0.00024566,0.99999,0.095947,2.3173e-07
0.00025157,0.99999,0.098143,2.4841e-07
0.00025762,0.99999,0.10038,2.6628e-07
0.00026381,0.99999,0.10267,2.8543e-07
0.00027016,0.99999,0.105,3.0595e-07
0.00027665,0.99999,0.10738,3.279e-07
0.0002833,0.99999,0.10981,3.5141e-07
0.00029012,0.99999,0.11228,3.7659e-07
0.00029709,0.99999,0.1148,4.0355e-07
0.00030424,0.99999,0.11737,4.3242e-07
0.00031155,0.99999,0.11999,4.6333e-07
0.00031904,0.99999,0.12265,4.9639e-07
0.00032671,0.99999,0.12537,5.3176e-07
0.00033457,0.99999,0.12813,5.6959e-07
0.00034261,0.99999,0.13094,6.1007e-07
0.00035085,0.99999,0.13381,6.5337e-07
0.00035929,0.99999,0.13672,6.9968e-07
0.00036793,0.99999,0.13968,7.4916e-07
0.00037677,0.99998,0.14269,8.0204e-07
0.00038583,0.99998,0.14575,8.5855e-07
0.00039511,0.99998,0.14885,9.1892e-07
0.00040461,0.99998,0.15201,9.8339e-07
0.00041434,0.99998,0.15521,1.0522e-06
0.0004243,0.99998,0.15846,1.1258e-06
0.0004345,0.99998,0.16176,1.2042e-06
0.00044495,0.99998,0.1651,1.2879e-06
0.00045565,0.99998,0.16849,1.3772e-06
0.00046661,0.99998,0.17192,1.4724e-06
0.00047783,0.99998,0.17539,1.5739e-06
0.00048932,0.99998,0.1789,1.6821e-06
0.00050108,0.99998,0.18246,1.7973e-06
0.00051313,0.99998,0.18605,1.92e-06
0.00052547,0.99998,0.18968,2.0506e-06
0.0005381,0.99998,0.19334,2.1897e-06
0.00055104,0.99998,0.19704,2.3376e-06
0.00056429,0.99998,0.20076,2.4949e-06
0.00057786,0.99998,0.20452,2.662e-06
0.00059175,0.99998,0.2083,2.8397e-06
0.00060598,0.99998,0.21211,3.0283e-06
0.00062055,0.99998,0.21593,3.2286e-06
0.00063547,0.99997,0.21977,3.4411e-06
0.00065075,0.99997,0.22363,3.6665e-06
0.0006664,0.99997,0.2275,3.9054e-06
0.00068242,0.99997,0.23138,4.1586e-06
0.00069883,0.99997,0.23526,4.4267e-06
0.00071564,0.99997,0.23914,4.7104e-06
0.00073284,0.99997,0.24303,5.0106e-06
0.00075046,0.99997,0.2469,5.328e-06
0.00076851,0.99997,0.25076,5.6633e-06
0.00078699,0.99997,0.25461,6.0175e-06
0.00080591,0.99997,0.25844,6.3913e-06
0.00082529,0.99997,0.26225,6.7854e-06
0.00084513,0.99997,0.26603,7.201e-06
0.00086545,0.99997,0.26978,7.6388e-06
0.00088626,0.99996,0.2735,8.0997e-06
0.00090757,0.99996,0.27717,8.5844e-06
0.0009294,0.99996,0.28081,9.0941e-06
0.00095174,0.99996,0.28439,9.6296e-06
0.00097463,0.99996,0.28792,1.0192e-05
0.00099806,0.99996,0.29139,1.0782e-05
0.0010221,0.99996,0.2948,1.14e-05
0.0010466,0.99996,0.29815,1.2048e-05
0.0010718,0.99996,0.30143,1.2727e-05
0.0010976,0.99996,0.30464,1.3437e-05
0.001124,0.99996,0.30777,1.4179e-05
0.001151,0.99995,0.31083,1.4955e-05
0.0011787,0.99995,0.3138,1.5764e-05
0.001207,0.99995,0.31668,1.6609e-05
0.001236,0.99995,0.31948,1.749e-05
0.0012657,0.99995,0.32219,1.8407e-05
0.0012962,0.99995,0.32481,1.9363e-05
0.0013273,0.99995,0.32733,2.0357e-05
0.0013593,0.99995,0.32976,2.139e-05
0.0013919,0.99994,0.3321,2.2464e-05
0.0014254,0.99994,0.33433,2.3579e-05
0.0014597,0.99994,0.33647,2.4735e-05
0.0014948,0.99994,0.33851,2.5935e-05
0.0015307,0.99994,0.34046,2.7177e-05
0.0015675,0.99994,0.34231,2.8464e-05
0.0016052,0.99994,0.34406,2.9796e-05
0.0016438,0.99993,0.34572,3.1173e-05
0.0016834,0.99993,0.34729,3.2597e-05
0.0017238,0.99993,0.34877,3.4068e-05
0.0017653,0.99993,0.35015,3.5587e-05
0.0018077,0.99993,0.35145,3.7154e-05
0.0018512,0.99993,0.35267,3.877e-05
0.0018957,0.99992,0.35381,4.0436e-05
0.0019413,0.99992,0.35486,4.2153e-05
0.001988,0.99992,0.35585,4.3921e-05
0.0020358,0.99992,0.35676,4.5741e-05
0.0020847,0.99992,0.3576,4.7614e-05
0.0021348,0.99991,0.35837,4.9541e-05
0.0021862,0.99991,0.35908,5.1522e-05
0.0022387,0.99991,0.35973,5.3558e-05
0.0022926,0.99991,0.36033,5.565e-05
0.0023477,0.99991,0.36087,5.7799e-05
0.0024041,0.9999,0.36136,6.0007e-05
0.0024619,0.9999,0.36181,6.2273e-05
0.0025211,0.9999,0.36221,6.4599e-05
0.0025818,0.9999,0.36257,6.6986e-05
0.0026438,0.99989,0.36289,6.9436e-05
0.0027074,0.99989,0.36317,7.1949e-05
0.0027725,0.99989,0.36343,7.4525e-05
0.0028392,0.99989,0.36365,7.7167e-05
0.0029074,0.99988,0.36384,7.9877e-05
0.0029773,0.99988,0.36401,8.2654e-05
0.0030489,0.99988,0.36415,8.55e-05
0.0031222,0.99988,0.36427,8.8418e-05
0.0031973,0.99987,0.36437,9.1408e-05
0.0032742,0.99987,0.36446,9.4471e-05
0.0033529,0.99987,0.36454,9.761e-05
0.0034335,0.99986,0.3646,0.00010083
0.0035161,0.99986,0.36465,0.00010412
0.0036006,0.99986,0.36469,0.00010749
0.0036872,0.99985,0.36474,0.00011095
0.0037759,0.99985,0.36477,0.00011449
0.0038667,0.99985,0.3648,0.00011811
0.0039596,0.99984,0.36483,0.00012182
0.0040549,0.99984,0.36486,0.00012562
0.0041524,0.99983,0.36487,0.00012952
0.0042522,0.99983,0.36489,0.0001335
0.0043544,0.99983,0.36489,0.00013759
0.0044591,0.99982,0.36489,0.00014177
0.0045664,0.99982,0.36489,0.00014605
0.0046762,0.99981,0.36489,0.00015044
0.0047886,0.99981,0.36488,0.00015493
0.0049037,0.9998,0.36487,0.00015953
0.0050216,0.9998,0.36486,0.00016424
0.0051424,0.99979,0.36485,0.00016906
0.005266,0.99979,0.36484,0.000174
0.0053927,0.99978,0.36483,0.00017905
0.0055223,0.99978,0.36482,0.00018423
0.0056551,0.99977,0.36481,0.00018953
0.0057911,0.99977,0.3648,0.00019496
0.0059303,0.99976,0.3648,0.00020052
0.0060729,0.99976,0.36479,0.00020621
0.0062189,0.99975,0.36478,0.00021204
0.0063685,0.99975,0.36477,0.00021801
0.0065216,0.99974,0.36476,0.00022412
0.0066784,0.99973,0.36475,0.00023038
0.006839,0.99973,0.36474,0.00023679
0.0070034,0.99972,0.36473,0.00024335
0.0071718,0.99971,0.36472,0.00025007
0.0073443,0.99971,0.3647,0.00025696
0.0075209,0.9997,0.36469,0.000264
0.0077017,0.99969,0.36468,0.00027122
0.0078869,0.99968,0.36466,0.0002786
0.0080765,0.99968,0.36465,0.00028617
0.0082707,0.99967,0.36464,0.00029392
0.0084696,0.99966,0.36462,0.00030185
0.0086733,0.99965,0.36461,0.00030997
0.0088818,0.99965,0.36459,0.00031829
0.0090954,0.99964,0.36458,0.0003268
0.0093141,0.99963,0.36456,0.00033552
0.009538,0.99962,0.36455,0.00034445
0.0097674,0.99961,0.36453,0.00035359
0.010002,0.9996,0.36451,0.00036295
0.010243,0.99959,0.36449,0.00037254
0.010489,0.99958,0.36447,0.00038236
0.010741,0.99957,0.36445,0.00039241
0.010999,0.99956,0.36443,0.0004027
0.011264,0.99955,0.36441,0.00041323
0.011535,0.99954,0.36439,0.00042402
0.011812,0.99953,0.36437,0.00043507
0.012096,0.99952,0.36435,0.00044638
0.012387,0.99951,0.36433,0.00045796
0.012685,0.99949,0.36431,0.00046982
0.01299,0.99948,0.36429,0.00048197
0.013302,0.99947,0.36426,0.0004944
0.013622,0.99946,0.36424,0.00050713
0.01395,0.99944,0.36421,0.00052017
0.014285,0.99943,0.36419,0.00053352
0.014628,0.99942,0.36416,0.00054718
0.01498,0.9994,0.36414,0.00056117
0.01534,0.99939,0.36411,0.0005755
0.015709,0.99937,0.36408,0.00059017
0.016087,0.99936,0.36406,0.00060519
0.016474,0.99934,0.36403,0.00062057
0.01687,0.99933,0.364,0.00063632
0.017276,0.99931,0.36397,0.00065244
0.017691,0.99929,0.36394,0.00066895
0.018116,0.99928,0.36391,0.00068585
0.018552,0.99926,0.36388,0.00070315
0.018998,0.99924,0.36384,0.00072087
0.019455,0.99922,0.36381,0.00073901
0.019923,0.99921,0.36378,0.00075758
0.020402,0.99919,0.36374,0.0007766
0.020892,0.99917,0.36371,0.00079607
0.021394,0.99915,0.36367,0.000816
0.021909,0.99913,0.36363,0.00083641
0.022436,0.99911,0.36359,0.0008573
0.022975,0.99908,0.36355,0.0008787
0.023528,0.99906,0.36351,0.0009006
0.024093,0.99904,0.36347,0.00092302
0.024673,0.99902,0.36343,0.00094598
0.025266,0.99899,0.36339,0.00096949
0.025873,0.99897,0.36334,0.00099355
0.026496,0.99895,0.3633,0.0010182
0.027133,0.99892,0.36325,0.0010434
0.027785,0.99889,0.3632,0.0010692
0.028453,0.99887,0.36315,0.0010957
0.029137,0.99884,0.3631,0.0011227
0.029838,0.99881,0.36305,0.0011504
0.030555,0.99878,0.363,0.0011788
0.03129,0.99876,0.36295,0.0012078
0.032042,0.99873,0.36289,0.0012376
0.032813,0.9987,0.36284,0.001268
0.033602,0.99866,0.36278,0.0012992
0.03441,0.99863,0.36272,0.0013311
0.035237,0.9986,0.36266,0.0013637
0.036084,0.99857,0.3626,0.0013971
0.036952,0.99853,0.36254,0.0014313
0.037841,0.9985,0.36247,0.0014664
0.03875,0.99846,0.36241,0.0015022
0.039682,0.99842,0.36234,0.0015389
0.040636,0.99839,0.36227,0.0015765
0.041613,0.99835,0.3622,0.001615
0.042614,0.99831,0.36213,0.0016543
0.043639,0.99827,0.36205,0.0016946
0.044688,0.99823,0.36198,0.0017359
0.045762,0.99819,0.3619,0.0017781
0.046863,0.99814,0.36182,0.0018214
0.04799,0.9981,0.36174,0.0018656
0.049143,0.99805,0.36165,0.0019109
0.050325,0.99801,0.36157,0.0019572
0.051535,0.99796,0.36148,0.0020047
0.052774,0.99791,0.36139,0.0020533
0.054043,0.99786,0.3613,0.002103
0.055343,0.99781,0.36121,0.0021538
0.056673,0.99776,0.36111,0.0022059
0.058036,0.9977,0.36102,0.0022592
0.059432,0.99765,0.36092,0.0023138
0.060861,0.99759,0.36081,0.0023696
0.062324,0.99754,0.36071,0.0024267
0.063822,0.99748,0.3606,0.0024852
0.065357,0.99742,0.36049,0.002545
0.066929,0.99736,0.36038,0.0026063
0.068538,0.9973,0.36027,0.002669
0.070186,0.99723,0.36015,0.0027331
0.071873,0.99717,0.36003,0.0027988
0.073602,0.9971,0.35991,0.002866
0.075371,0.99703,0.35978,0.0029348
0.077184,0.99696,0.35965,0.0030051
0.07904,0.99689,0.35952,0.0030771
0.08094,0.99681,0.35938,0.0031508
0.082886,0.99674,0.35925,0.0032262
0.084879,0.99666,0.35911,0.0033034
0.08692,0.99658,0.35896,0.0033823
0.08901,0.9965,0.35881,0.0034631
0.09115,0.99642,0.35866,0.0035458
0.093342,0.99633,0.35851,0.0036303
0.095586,0.99625,0.35835,0.0037169
0.097885,0.99616,0.35819,0.0038054
0.10024,0.99607,0.35803,0.003896
0.10265,0.99598,0.35786,0.0039886
0.10512,0.99588,0.35769,0.0040834
0.10764,0.99578,0.35751,0.0041804
0.11023,0.99568,0.35733,0.0042796
0.11288,0.99558,0.35714,0.0043811
0.1156,0.99548,0.35696,0.0044849
0.11838,0.99537,0.35676,0.0045912
0.12122,0.99526,0.35657,0.0046998
0.12414,0.99515,0.35636,0.0048109
0.12712,0.99504,0.35616,0.0049246
0.13018,0.99492,0.35595,0.0050408
0.13331,0.9948,0.35573,0.0051597
0.13651,0.99468,0.35551,0.0052813
0.1398,0.99456,0.35529,0.0054058
0.14316,0.99443,0.35506,0.005533
0.1466,0.9943,0.35482,0.0056632
0.15013,0.99417,0.35458,0.0057963
0.15374,0.99403,0.35434,0.0059324
0.15743,0.99389,0.35408,0.0060716
0.16122,0.99375,0.35383,0.0062139
0.16509,0.99361,0.35356,0.0063594
0.16906,0.99346,0.3533,0.0065082
0.17313,0.9933,0.35302,0.0066604
0.17729,0.99315,0.35274,0.0068159
0.18155,0.99299,0.35246,0.006975
0.18592,0.99283,0.35217,0.0071375
0.19039,0.99266,0.35187,0.0073037
0.19497,0.99249,0.35156,0.0074736
0.19966,0.99232,0.35125,0.0076473
0.20446,0.99214,0.35093,0.0078248
0.20937,0.99196,0.35061,0.0080064
0.21441,0.99177,0.35028,0.0081919
0.21956,0.99158,0.34994,0.0083816
0.22484,0.99139,0.34959,0.0085754
0.23025,0.99119,0.34924,0.0087735
0.23578,0.99099,0.34888,0.0089759
0.24145,0.99078,0.34851,0.0091827
0.24726,0.99057,0.34813,0.0093941
0.25321,0.99036,0.34775,0.00961
0.25929,0.99013,0.34736,0.0098307
0.26553,0.98991,0.34696,0.010056
0.27191,0.98968,0.34655,0.010286
0.27845,0.98944,0.34613,0.010522
0.28515,0.9892,0.34571,0.010762
0.292,0.98896,0.34527,0.011008
0.29902,0.98871,0.34483,0.011259
0.30621,0.98845,0.34438,0.011515
0.31358,0.98819,0.34392,0.011776
0.32112,0.98792,0.34345,0.012044
0.32884,0.98765,0.34297,0.012317
0.33674,0.98737,0.34248,0.012595
0.34484,0.98709,0.34198,0.01288
0.35313,0.9868,0.34147,0.01317
0.36162,0.9865,0.34095,0.013467
0.37032,0.9862,0.34042,0.013769
0.37922,0.98589,0.33988,0.014078
0.38834,0.98557,0.33934,0.014394
0.39768,0.98525,0.33878,0.014716
0.40724,0.98492,0.3382,0.015045
0.41703,0.98459,0.33762,0.01538
0.42706,0.98424,0.33703,0.015722
0.43733,0.98389,0.33643,0.016072
0.44784,0.98354,0.33581,0.016428
0.45861,0.98317,0.33518,0.016792
0.46964,0.9828,0.33455,0.017162
0.48093,0.98243,0.3339,0.017541
0.4925,0.98204,0.33323,0.017927
0.50434,0.98165,0.33256,0.018321
0.51647,0.98124,0.33187,0.018722
0.52888,0.98084,0.33118,0.019131
0.5416,0.98042,0.33046,0.019549
0.55462,0.97999,0.32974,0.019975
0.56796,0.97956,0.32901,0.020408
0.58162,0.97912,0.32826,0.020851
0.5956,0.97867,0.3275,0.021302
0.60992,0.97821,0.32672,0.021761
0.62459,0.97774,0.32593,0.02223
0.6396,0.97726,0.32513,0.022707
0.65498,0.97677,0.32432,0.023194
0.67073,0.97628,0.32349,0.023689
0.68686,0.97577,0.32265,0.024194
0.70338,0.97526,0.32179,0.024709
0.72029,0.97474,0.32092,0.025232
0.73761,0.9742,0.32004,0.025766
0.75534,0.97366,0.31914,0.026309
0.77351,0.97311,0.31823,0.026862
0.7921,0.97254,0.3173,0.027426
0.81115,0.97197,0.31637,0.027999
0.83065,0.97139,0.31541,0.028583
0.85063,0.97079,0.31444,0.029177
0.87108,0.97019,0.31346,0.029782
0.89203,0.96957,0.31246,0.030398
0.91347,0.96895,0.31145,0.031024
0.93544,0.96831,0.31043,0.031661
0.95793,0.96766,0.30938,0.032309
0.98096,0.967,0.30833,0.032968
1.0046,0.96633,0.30726,0.033638
1.0287,0.96565,0.30618,0.03432
1.0534,0.96496,0.30508,0.035013
1.0788,0.96425,0.30396,0.035718
1.1047,0.96354,0.30284,0.036434
1.1313,0.96281,0.30169,0.037162
1.1585,0.96207,0.30054,0.037902
1.1863,0.96132,0.29936,0.038653
1.2149,0.96055,0.29818,0.039417
1.2441,0.95978,0.29698,0.040193
1.274,0.95899,0.29577,0.040981
1.3046,0.95819,0.29454,0.041782
1.336,0.95738,0.2933,0.042594
1.3681,0.95655,0.29204,0.04342
1.401,0.95571,0.29077,0.044257
1.4347,0.95486,0.28949,0.045108
1.4692,0.954,0.28819,0.045971
1.5045,0.95312,0.28688,0.046847
1.5407,0.95224,0.28555,0.047736
1.5777,0.95133,0.28421,0.048638
1.6157,0.95042,0.28286,0.049552
1.6545,0.94949,0.2815,0.05048
1.6943,0.94855,0.28013,0.051421
1.735,0.9476,0.27874,0.052376
1.7768,0.94663,0.27734,0.053343
1.8195,0.94565,0.27592,0.054323
1.8632,0.94466,0.2745,0.055317
1.908,0.94365,0.27306,0.056324
1.9539,0.94263,0.27162,0.057345
2.0009,0.94159,0.27016,0.058379
2.049,0.94055,0.26869,0.059427
2.0983,0.93949,0.26721,0.060488
2.1487,0.93841,0.26572,0.061562
2.2004,0.93732,0.26421,0.06265
2.2533,0.93622,0.2627,0.063752
2.3075,0.93511,0.26118,0.064867
2.3629,0.93398,0.25965,0.065996
2.4198,0.93284,0.25811,0.067138
2.4779,0.93168,0.25657,0.068294
2.5375,0.93051,0.25501,0.069463
2.5985,0.92933,0.25345,0.070646
2.661,0.92813,0.25188,0.071842
2.725,0.92692,0.2503,0.073051
2.7905,0.9257,0.24871,0.074275
2.8576,0.92446,0.24712,0.075512
2.9263,0.92321,0.24552,0.076762
2.9967,0.92195,0.24392,0.078025
3.0688,0.92067,0.24231,0.079302
3.1425,0.91938,0.24069,0.080593
3.2181,0.91808,0.23907,0.081897
3.2955,0.91676,0.23744,0.083214
3.3747,0.91543,0.23581,0.084545
3.4559,0.91409,0.23418,0.085889
3.539,0.91273,0.23254,0.087246
3.6241,0.91136,0.2309,0.088617
3.7112,0.90998,0.22926,0.09
3.8004,0.90858,0.22761,0.091397
3.8918,0.90717,0.22596,0.092806
3.9854,0.90575,0.22431,0.094229
4.0812,0.90431,0.22266,0.095665
4.1794,0.90286,0.22101,0.097113
4.2798,0.9014,0.21936,0.098575
4.3828,0.89993,0.2177,0.10005
4.4881,0.89844,0.21605,0.10154
4.596,0.89694,0.2144,0.10303
4.7066,0.89543,0.21274,0.10455
4.8197,0.89391,0.21109,0.10607
4.9356,0.89237,0.20944,0.10761
5.0543,0.89082,0.20779,0.10915
5.1758,0.88926,0.20615,0.11072
5.3003,0.88769,0.2045,0.11229
5.4277,0.88611,0.20286,0.11387
5.5582,0.88451,0.20122,0.11547
5.6919,0.8829,0.19958,0.11708
5.8287,0.88128,0.19795,0.1187
5.9689,0.87964,0.19632,0.12034
6.1124,0.878,0.1947,0.12198
6.2594,0.87634,0.19308,0.12364
6.4099,0.87467,0.19146,0.12531
6.564,0.87299,0.18985,0.12699
6.7218,0.8713,0.18824,0.12868
6.8835,0.8696,0.18664,0.13038
7.049,0.86788,0.18505,0.1321
7.2185,0.86616,0.18346,0.13382
7.392,0.86442,0.18187,0.13556
7.5698,0.86268,0.1803,0.13731
7.7518,0.86092,0.17873,0.13906
7.9382,0.85915,0.17716,0.14083
8.129,0.85737,0.17561,0.14261
8.3245,0.85558,0.17406,0.14441
8.5247,0.85377,0.17252,0.14621
8.7296,0.85196,0.17098,0.14802
8.9395,0.85014,0.16946,0.14985
9.1545,0.8483,0.16794,0.15168
9.3746,0.84646,0.16642,0.15352
9.6,0.8446,0.16492,0.15538
9.8308,0.84274,0.16343,0.15725
10.067,0.84086,0.16194,0.15912
10.309,0.83898,0.16046,0.16101
10.557,0.83708,0.15899,0.1629
10.811,0.83517,0.15753,0.16481
11.071,0.83326,0.15608,0.16673
11.337,0.83133,0.15464,0.16865
11.61,0.82939,0.15321,0.17059
11.889,0.82745,0.15178,0.17254
12.175,0.82549,0.15037,0.17449
12.468,0.82353,0.14896,0.17646
12.767,0.82155,0.14757,0.17843
13.074,0.81957,0.14618,0.18042
13.389,0.81757,0.1448,0.18241
13.711,0.81557,0.14343,0.18442
14.04,0.81355,0.14207,0.18643
14.378,0.81153,0.14073,0.18846
14.724,0.8095,0.13939,0.19049
15.078,0.80745,0.13806,0.19253
15.44,0.8054,0.13674,0.19459
15.811,0.80334,0.13543,0.19665
16.192,0.80127,0.13413,0.19872
16.581,0.79919,0.13284,0.2008
16.98,0.7971,0.13156,0.20289
17.388,0.795,0.13029,0.20499
17.806,0.79289,0.12903,0.20709
18.234,0.79078,0.12778,0.20921
18.673,0.78865,0.12654,0.21133
19.121,0.78652,0.12531,0.21347
19.581,0.78437,0.12409,0.21561
20.052,0.78222,0.12288,0.21777
20.534,0.78006,0.12168,0.21993
21.028,0.77789,0.12049,0.2221
21.534,0.77571,0.11931,0.22428
22.051,0.77352,0.11814,0.22647
22.582,0.77132,0.11698,0.22866
23.125,0.76912,0.11582,0.23087
23.681,0.7669,0.11468,0.23309
24.25,0.76468,0.11355,0.23531
24.833,0.76244,0.11243,0.23754
25.43,0.7602,0.11131,0.23979
26.042,0.75795,0.11021,0.24204
26.668,0.75569,0.10912,0.24429
27.309,0.75343,0.10803,0.24656
27.966,0.75115,0.10696,0.24884
28.638,0.74887,0.10589,0.25112
29.327,0.74657,0.10483,0.25342
30.032,0.74427,0.10379,0.25572
30.754,0.74196,0.10275,0.25803
31.493,0.73964,0.10172,0.26035
32.251,0.73732,0.1007,0.26267
33.026,0.73498,0.099688,0.26501
33.82,0.73264,0.098687,0.26735
34.633,0.73029,0.097695,0.2697
35.466,0.72793,0.096711,0.27206
36.319,0.72556,0.095736,0.27443
37.192,0.72318,0.094771,0.27681
38.087,0.7208,0.093813,0.27919
39.002,0.71841,0.092864,0.28158
39.94,0.71601,0.091925,0.28398
40.9,0.7136,0.090993,0.28639
41.884,0.71118,0.09007,0.28881
42.891,0.70875,0.089156,0.29124
43.922,0.70632,0.088249,0.29367
44.978,0.70388,0.087352,0.29611
46.06,0.70143,0.086463,0.29856
47.167,0.69897,0.085581,0.30102
48.302,0.69651,0.084707,0.30349
49.463,0.69403,0.083843,0.30596
50.652,0.69155,0.082985,0.30844
51.87,0.68906,0.082135,0.31093
53.117,0.68657,0.081294,0.31343
54.395,0.68406,0.08046,0.31593
55.702,0.68155,0.079634,0.31845
57.042,0.67903,0.078815,0.32097
58.413,0.6765,0.078005,0.3235
59.818,0.67396,0.077201,0.32603
61.256,0.67142,0.076405,0.32858
62.729,0.66886,0.075617,0.33113
64.237,0.6663,0.074836,0.33369
65.782,0.66374,0.074062,0.33626
67.364,0.66116,0.073296,0.33883
68.983,0.65858,0.072536,0.34141
70.642,0.65599,0.071784,0.344
72.341,0.65339,0.071039,0.3466
74.08,0.65079,0.070299,0.34921
75.861,0.64817,0.069568,0.35182
77.685,0.64555,0.068843,0.35444
79.553,0.64292,0.068124,0.35707
81.466,0.64029,0.067413,0.3597
83.425,0.63765,0.066708,0.36235
85.431,0.635,0.066009,0.365
87.485,0.63234,0.065317,0.36765
89.589,0.62968,0.064632,0.37032
91.743,0.62701,0.063952,0.37299
93.949,0.62433,0.063279,0.37567
96.208,0.62164,0.062613,0.37835
98.521,0.61895,0.061953,0.38104
100.89,0.61625,0.061299,0.38374
103.32,0.61354,0.060651,0.38645
105.8,0.61083,0.060008,0.38916
108.34,0.60811,0.059372,0.39188
110.95,0.60539,0.058742,0.39461
113.62,0.60265,0.058118,0.39734
116.35,0.59992,0.057501,0.40008
119.15,0.59717,0.056888,0.40282
122.01,0.59442,0.056281,0.40558
124.94,0.59166,0.05568,0.40833
127.95,0.5889,0.055085,0.4111
131.03,0.58613,0.054496,0.41387
134.18,0.58335,0.053912,0.41665
137.4,0.58057,0.053333,0.41943
140.71,0.57778,0.05276,0.42222
144.09,0.57499,0.052193,0.42501
147.55,0.57219,0.051631,0.42781
151.1,0.56938,0.051074,0.43061
154.74,0.56657,0.050521,0.43342
158.46,0.56376,0.049976,0.43624
162.27,0.56094,0.049435,0.43906
166.17,0.55811,0.048898,0.44188
170.16,0.55528,0.048366,0.44472
174.25,0.55244,0.04784,0.44756
178.44,0.5496,0.047318,0.4504
182.74,0.54675,0.046801,0.45325
187.13,0.54389,0.046289,0.4561
191.63,0.54103,0.045782,0.45896
196.24,0.53817,0.04528,0.46183
200.95,0.5353,0.044782,0.4647
205.79,0.53242,0.044289,0.46757
210.73,0.52954,0.043801,0.47045
215.8,0.52666,0.043317,0.47334
220.99,0.52377,0.042838,0.47622
226.3,0.52088,0.042363,0.47911
231.75,0.51798,0.041893,0.48201
237.32,0.51508,0.041427,0.48491
243.02,0.51218,0.040966,0.48782
248.87,0.50927,0.040508,0.49072
254.85,0.50636,0.040056,0.49364
260.98,0.50344,0.039607,0.49655
267.25,0.50052,0.039163,0.49947
273.68,0.4976,0.038723,0.50239
280.26,0.49468,0.038287,0.50532
287,0.49175,0.037855,0.50825
293.9,0.48881,0.037427,0.51118
300.97,0.48588,0.037004,0.51412
308.2,0.48294,0.036584,0.51706
315.61,0.48,0.036169,0.52
323.2,0.47706,0.035757,0.52294
330.98,0.47411,0.035349,0.52588
338.93,0.47116,0.034945,0.52883
347.08,0.46821,0.034545,0.53178
355.43,0.46526,0.034149,0.53474
363.97,0.46231,0.033757,0.53769
372.73,0.45935,0.033368,0.54065
381.69,0.45639,0.032982,0.54361
390.87,0.45343,0.032601,0.54656
400.26,0.45047,0.032223,0.54953
409.89,0.44751,0.031849,0.55249
419.74,0.44454,0.031478,0.55545
429.84,0.44158,0.03111,0.55842
440.17,0.43861,0.030747,0.56138
450.76,0.43565,0.030387,0.56435
461.59,0.43268,0.030031,0.56731
472.69,0.42972,0.029678,0.57028
484.06,0.42675,0.029328,0.57324
495.7,0.42379,0.028982,0.57621
507.62,0.42082,0.028639,0.57918
519.82,0.41785,0.028299,0.58214
532.32,0.41489,0.027962,0.58511
545.12,0.41192,0.027629,0.58808
558.23,0.40895,0.027299,0.59104
571.65,0.40599,0.026972,0.59401
585.4,0.40303,0.026648,0.59697
599.47,0.40006,0.026327,0.59993
613.89,0.3971,0.02601,0.60289
628.65,0.39414,0.025696,0.60585
643.76,0.39119,0.025384,0.60881
659.24,0.38823,0.025076,0.61177
675.09,0.38528,0.024771,0.61472
691.33,0.38233,0.024469,0.61767
707.95,0.37938,0.02417,0.62062
724.97,0.37643,0.023873,0.62356
742.4,0.37349,0.02358,0.62651
760.25,0.37055,0.023289,0.62945
778.53,0.36761,0.023002,0.63238
797.25,0.36468,0.022717,0.63532
816.42,0.36175,0.022435,0.63825
836.05,0.35882,0.022156,0.64118
856.16,0.3559,0.021879,0.6441
876.74,0.35298,0.021605,0.64702
897.82,0.35006,0.021334,0.64993
919.41,0.34715,0.021066,0.65284
941.52,0.34425,0.020801,0.65575
964.16,0.34135,0.020538,0.65865
987.34,0.33845,0.020278,0.66154
1011.1,0.33556,0.02002,0.66443
1035.4,0.33268,0.019765,0.66732
1060.3,0.3298,0.019513,0.6702
1085.8,0.32692,0.019263,0.67307
1111.9,0.32406,0.019016,0.67594
1138.6,0.32119,0.018771,0.67881
1166,0.31834,0.018529,0.68166
1194,0.31549,0.018289,0.68451
1222.8,0.31264,0.018052,0.68736
1252.2,0.30981,0.017817,0.69019
1282.3,0.30698,0.017584,0.69302
1313.1,0.30416,0.017354,0.69584
1344.7,0.30134,0.017127,0.69866
1377,0.29854,0.016901,0.70146
1410.1,0.29574,0.016678,0.70426
1444,0.29295,0.016458,0.70705
1478.7,0.29016,0.016239,0.70983
1514.3,0.28739,0.016023,0.71261
1550.7,0.28462,0.01581,0.71537
1588,0.28187,0.015598,0.71813
1626.2,0.27912,0.015389,0.72088
1665.3,0.27638,0.015182,0.72362
1705.3,0.27365,0.014977,0.72635
1746.3,0.27093,0.014774,0.72907
1788.3,0.26821,0.014573,0.73179
1831.3,0.26551,0.014375,0.73449
1875.3,0.26282,0.014179,0.73718
1920.4,0.26013,0.013984,0.73987
1966.6,0.25746,0.013792,0.74254
2013.9,0.2548,0.013602,0.7452
2062.3,0.25214,0.013414,0.74786
2111.9,0.2495,0.013228,0.7505
2162.7,0.24687,0.013044,0.75313
2214.7,0.24425,0.012862,0.75575
2267.9,0.24165,0.012683,0.75835
2322.5,0.23905,0.012505,0.76095
2378.3,0.23647,0.012329,0.76353
2435.5,0.2339,0.012154,0.7661
2494.1,0.23134,0.011982,0.76866
2554,0.22879,0.011813,0.77121
2615.4,0.22626,0.011644,0.77374
2678.3,0.22374,0.011478,0.77626
2742.7,0.22123,0.011314,0.77877
2808.7,0.21874,0.011151,0.78126
2876.2,0.21625,0.010991,0.78374
2945.4,0.21378,0.010832,0.78621
3016.2,0.21133,0.010675,0.78867
3088.7,0.20889,0.01052,0.79111
3163,0.20646,0.010366,0.79354
3239,0.20405,0.010215,0.79595
3316.9,0.20164,0.010065,0.79835
3396.7,0.19926,0.0099168,0.80074
3478.3,0.19688,0.0097703,0.80312
3562,0.19452,0.0096256,0.80547
3647.6,0.19218,0.0094825,0.80782
3735.3,0.18985,0.0093412,0.81015
3825.1,0.18753,0.0092016,0.81247
3917.1,0.18523,0.0090635,0.81477
4011.3,0.18295,0.0089273,0.81705
4107.8,0.18068,0.0087926,0.81932
4206.5,0.17842,0.0086594,0.82158
4307.7,0.17618,0.008528,0.82382
4411.2,0.17396,0.0083982,0.82604
4517.3,0.17175,0.0082698,0.82825
4625.9,0.16956,0.0081431,0.83044
4737.2,0.16738,0.0080179,0.83262
4851.1,0.16522,0.0078942,0.83478
4967.7,0.16307,0.0077721,0.83693
5087.2,0.16094,0.0076514,0.83906
5209.5,0.15882,0.0075323,0.84117
5334.7,0.15673,0.0074146,0.84327
5463,0.15464,0.0072985,0.84535
5594.4,0.15258,0.0071839,0.84742
5728.9,0.15053,0.0070707,0.84947
5866.6,0.1485,0.0069588,0.8515
6007.7,0.14648,0.0068485,0.85352
6152.1,0.14449,0.0067396,0.85551
6300.1,0.1425,0.0066319,0.8575
6451.6,0.14054,0.0065258,0.85946
6606.7,0.13859,0.006421,0.86141
6765.5,0.13666,0.0063175,0.86334
6928.2,0.13474,0.0062155,0.86526
7094.8,0.13284,0.0061147,0.86716
7265.4,0.13096,0.0060152,0.86904
7440.1,0.12909,0.0059171,0.87091
7619,0.12725,0.0058203,0.87275
7802.2,0.12542,0.0057248,0.87458
7989.8,0.1236,0.0056307,0.87639
8181.9,0.12181,0.0055377,0.87819
8378.6,0.12003,0.005446,0.87997
8580.1,0.11827,0.0053556,0.88173
8786.4,0.11652,0.0052663,0.88347
8997.7,0.1148,0.0051783,0.8852
9214,0.11309,0.0050915,0.88691
9435.6,0.11139,0.0050059,0.8886
9662.4,0.10972,0.0049214,0.89028
9894.8,0.10806,0.0048382,0.89194
10133,0.10642,0.004756,0.89358
10376,0.10479,0.0046751,0.89521
10626,0.10319,0.0045953,0.89681
10881,0.1016,0.0045166,0.8984
11143,0.10002,0.0044391,0.89998
11411,0.098469,0.0043626,0.90153
11685,0.09693,0.0042872,0.90307
11966,0.095409,0.004213,0.90459
12254,0.093905,0.0041398,0.90609
12549,0.092417,0.0040676,0.90758
12850,0.090947,0.0039966,0.90905
13159,0.089493,0.0039265,0.91051
13476,0.088056,0.0038575,0.91194
13800,0.086636,0.0037895,0.91336
14132,0.085232,0.0037224,0.91477
14471,0.083846,0.0036564,0.91615
14819,0.082475,0.0035914,0.91752
15176,0.081122,0.0035273,0.91888
15541,0.079786,0.0034642,0.92021
15914,0.078466,0.0034021,0.92153
16297,0.077161,0.0033409,0.92284
16689,0.075875,0.0032807,0.92413
17090,0.074604,0.0032214,0.9254
17501,0.073348,0.0031629,0.92665
17922,0.072109,0.0031054,0.92789
18353,0.070886,0.0030488,0.92911
18794,0.069678,0.002993,0.93032
19246,0.068487,0.0029381,0.93151
19709,0.067311,0.0028841,0.93269
20182,0.066151,0.0028309,0.93385
20668,0.065006,0.0027786,0.93499
21165,0.063877,0.0027271,0.93612
21674,0.062764,0.0026764,0.93724
22195,0.061666,0.0026266,0.93833
22728,0.060582,0.0025775,0.93942
23275,0.059515,0.0025292,0.94049
23835,0.058461,0.0024817,0.94154
24408,0.057423,0.002435,0.94258
24994,0.0564,0.002389,0.9436
25595,0.05539,0.0023438,0.94461
26211,0.054396,0.0022993,0.9456
26841,0.053416,0.0022556,0.94658
27487,0.05245,0.0022126,0.94755
28147,0.051498,0.0021703,0.9485
28824,0.05056,0.0021287,0.94944
29517,0.049637,0.0020878,0.95036
30227,0.048728,0.0020476,0.95127
30954,0.047831,0.0020081,0.95217
31698,0.046949,0.0019693,0.95305
32460,0.04608,0.0019311,0.95392
33241,0.045224,0.0018935,0.95478
34040,0.044382,0.0018566,0.95562
34859,0.043552,0.0018204,0.95645
35697,0.042735,0.0017847,0.95726
36555,0.041931,0.0017497,0.95807
37434,0.04114,0.0017153,0.95886
38334,0.040361,0.0016815,0.95964
39256,0.039594,0.0016482,0.96041
40200,0.038841,0.0016156,0.96116
41166,0.0381,0.0015836,0.9619
42156,0.03737,0.0015521,0.96263
43170,0.036653,0.0015212,0.96335
44208,0.035947,0.0014908,0.96405
45271,0.035253,0.001461,0.96475
46359,0.03457,0.0014317,0.96543
47474,0.033898,0.0014029,0.9661
48616,0.033238,0.0013747,0.96676
49784,0.032589,0.0013469,0.96741
50982,0.031951,0.0013197,0.96805
52207,0.031323,0.0012929,0.96868
53463,0.030707,0.0012667,0.96929
54748,0.030101,0.0012409,0.9699
56065,0.029506,0.0012157,0.97049
57413,0.028921,0.0011908,0.97108
58793,0.028346,0.0011665,0.97165
60207,0.027781,0.0011426,0.97222
61654,0.027226,0.0011191,0.97277
63137,0.02668,0.0010961,0.97332
64655,0.026145,0.0010735,0.97386
66210,0.025618,0.0010513,0.97438
67802,0.025101,0.0010296,0.9749
69432,0.024594,0.0010082,0.97541
71101,0.024095,0.00098731,0.9759
72811,0.023606,0.00096679,0.97639
74562,0.023126,0.00094666,0.97687
76355,0.022654,0.0009269,0.97735
78190,0.022191,0.00090754,0.97781
80071,0.021736,0.00088854,0.97826
81996,0.02129,0.0008699,0.97871
83967,0.020852,0.00085163,0.97915
85986,0.020422,0.00083371,0.97958
88054,0.02,0.00081614,0.98
90171,0.019586,0.0007989,0.98041
92339,0.01918,0.00078202,0.98082
94560,0.018781,0.00076545,0.98122
96833,0.01839,0.00074923,0.98161
99162,0.018007,0.00073332,0.98199
1.0155e+05,0.01763,0.00071772,0.98237
1.0399e+05,0.017262,0.00070244,0.98274
1.0649e+05,0.016899,0.00068746,0.9831
1.0905e+05,0.016544,0.00067277,0.98346
1.1167e+05,0.016196,0.00065838,0.9838
1.1436e+05,0.015854,0.00064426,0.98415
1.1711e+05,0.015519,0.00063044,0.98448
1.1992e+05,0.015191,0.00061689,0.98481
1.228e+05,0.014869,0.00060362,0.98513
1.2576e+05,0.014553,0.00059061,0.98545
1.2878e+05,0.014244,0.00057788,0.98576
1.3188e+05,0.01394,0.0005654,0.98606
1.3505e+05,0.013643,0.00055317,0.98636
1.383e+05,0.013351,0.0005412,0.98665
1.4162e+05,0.013066,0.00052946,0.98693
1.4503e+05,0.012786,0.00051797,0.98721
1.4851e+05,0.012511,0.00050671,0.98749
1.5208e+05,0.012242,0.00049568,0.98776
1.5574e+05,0.011978,0.00048488,0.98802
1.5949e+05,0.01172,0.00047429,0.98828
1.6332e+05,0.011467,0.00046393,0.98853
1.6725e+05,0.011219,0.00045379,0.98878
1.7127e+05,0.010976,0.00044386,0.98902
1.7539e+05,0.010738,0.00043413,0.98926
1.796e+05,0.010505,0.00042461,0.98949
1.8392e+05,0.010277,0.00041528,0.98972
1.8835e+05,0.010053,0.00040615,0.98995
1.9287e+05,0.0098338,0.00039721,0.99017
1.9751e+05,0.0096191,0.00038846,0.99038
2.0226e+05,0.0094088,0.00037988,0.99059
2.0712e+05,0.0092029,0.0003715,0.9908
2.121e+05,0.0090012,0.00036328,0.991
2.172e+05,0.0088038,0.00035524,0.9912
2.2243e+05,0.0086104,0.00034737,0.99139
2.2778e+05,0.0084212,0.00033968,0.99158
2.3325e+05,0.0082359,0.00033214,0.99176
2.3886e+05,0.0080544,0.00032476,0.99195
2.446e+05,0.0078768,0.00031755,0.99212
2.5049e+05,0.0077028,0.00031048,0.9923
2.5651e+05,0.0075325,0.00030356,0.99247
2.6268e+05,0.0073657,0.00029679,0.99263
2.6899e+05,0.0072025,0.00029017,0.9928
2.7546e+05,0.0070427,0.00028368,0.99296
2.8208e+05,0.0068863,0.00027734,0.99311
2.8887e+05,0.0067333,0.00027113,0.99327
2.9581e+05,0.0065835,0.00026506,0.99342
3.0292e+05,0.006437,0.00025913,0.99356
3.1021e+05,0.0062935,0.00025332,0.99371
3.1767e+05,0.0061531,0.00024763,0.99385
3.2531e+05,0.0060158,0.00024207,0.99398
3.3313e+05,0.0058812,0.00023663,0.99412
3.4114e+05,0.0057496,0.0002313,0.99425
3.4934e+05,0.0056208,0.00022609,0.99438
3.5774e+05,0.0054947,0.00022099,0.99451
3.6634e+05,0.0053714,0.000216,0.99463
3.7515e+05,0.0052506,0.00021112,0.99475
3.8417e+05,0.0051326,0.00020635,0.99487
3.9341e+05,0.0050172,0.00020169,0.99498
4.0287e+05,0.0049043,0.00019713,0.9951
4.1255e+05,0.0047939,0.00019267,0.99521
4.2247e+05,0.0046858,0.00018831,0.99531
4.3263e+05,0.0045802,0.00018404,0.99542
4.4303e+05,0.0044769,0.00017987,0.99552
4.5369e+05,0.0043757,0.00017579,0.99562
4.646e+05,0.0042768,0.0001718,0.99572
4.7577e+05,0.0041801,0.0001679,0.99582
4.8721e+05,0.0040854,0.00016408,0.99591
4.9892e+05,0.0039928,0.00016035,0.99601
5.1092e+05,0.0039022,0.00015669,0.9961
5.232e+05,0.0038136,0.00015312,0.99619
5.3578e+05,0.0037269,0.00014963,0.99627
5.4867e+05,0.0036421,0.00014621,0.99636
5.6186e+05,0.0035593,0.00014287,0.99644
5.7537e+05,0.0034783,0.00013961,0.99652
5.892e+05,0.0033993,0.00013643,0.9966
6.0337e+05,0.0033221,0.00013332,0.99668
6.1788e+05,0.0032466,0.00013028,0.99675
6.3273e+05,0.003173,0.00012732,0.99683
6.4795e+05,0.0031009,0.00012441,0.9969
6.6353e+05,0.0030303,0.00012158,0.99697
6.7948e+05,0.0029613,0.0001188,0.99704
6.9582e+05,0.0028938,0.00011608,0.99711
7.1255e+05,0.0028277,0.00011343,0.99717
7.2968e+05,0.0027631,0.00011083,0.99724
7.4723e+05,0.0026999,0.00010828,0.9973
7.652e+05,0.0026381,0.0001058,0.99736
7.836e+05,0.0025776,0.00010337,0.99742
8.0244e+05,0.0025186,0.00010099,0.99748
8.2173e+05,0.0024609,9.8676e-05,0.99754
8.4149e+05,0.0024046,9.6412e-05,0.9976
8.6172e+05,0.0023495,9.4198e-05,0.99765
8.8244e+05,0.0022956,9.2034e-05,0.9977
9.0366e+05,0.002243,8.9921e-05,0.99776
9.2539e+05,0.0021916,8.7854e-05,0.99781
9.4764e+05,0.0021413,8.5832e-05,0.99786
9.7043e+05,0.0020921,8.3858e-05,0.99791
9.9376e+05,0.002044,8.1924e-05,0.99796
1.0177e+06,0.001997,8.0037e-05,0.998
